Record Length,2.500000e+03,,   0.000049924800,   4.88000,
Sample Interval,4.000000e-11,,   0.000049924840,   4.88000,
Trigger Point,-1.248120000000e+06,,   0.000049924880,   4.88000,
,,,   0.000049924920,   4.88000,
,,,   0.000049924960,   4.88000,
,,,   0.000049925000,   4.88000,
Source,CH2,,   0.000049925040,   4.88000,
Vertical Units,V,,   0.000049925080,   4.88000,
Vertical Scale,2.000000e+00,,   0.000049925120,   4.88000,
Vertical Offset,-1.600000e-01,,   0.000049925160,   4.88000,
Horizontal Units,s,,   0.000049925200,   4.88000,
Horizontal Scale,1.000000e-08,,   0.000049925240,   4.88000,
Pt Fmt,Y,,   0.000049925280,   4.88000,
Yzero,0.000000e+00,,   0.000049925320,   4.88000,
Probe Atten,1.000000e+00,,   0.000049925360,   4.88000,
Model Number,TBS1072B-EDU,,   0.000049925400,   4.88000,
Serial Number,C031465,,   0.000049925440,   4.88000,
Firmware Version,FV:v4.06,,   0.000049925480,   4.88000,
,,,0.000049925520,   4.88000,
,,,0.000049925560,   4.88000,
,,,0.000049925600,   4.88000,
,,,0.000049925640,   4.88000,
,,,0.000049925680,   4.88000,
,,,0.000049925720,   4.88000,
,,,0.000049925760,   4.88000,
,,,0.000049925800,   4.88000,
,,,0.000049925840,   4.88000,
,,,0.000049925880,   4.88000,
,,,0.000049925920,   4.88000,
,,,0.000049925960,   4.88000,
,,,0.000049926000,   4.88000,
,,,0.000049926040,   4.88000,
,,,0.000049926080,   4.88000,
,,,0.000049926120,   4.88000,
,,,0.000049926160,   4.88000,
,,,0.000049926200,   4.88000,
,,,0.000049926240,   4.88000,
,,,0.000049926280,   4.88000,
,,,0.000049926320,   4.88000,
,,,0.000049926360,   4.88000,
,,,0.000049926400,   4.88000,
,,,0.000049926440,   4.88000,
,,,0.000049926480,   4.88000,
,,,0.000049926520,   4.88000,
,,,0.000049926560,   4.88000,
,,,0.000049926600,   4.88000,
,,,0.000049926640,   4.88000,
,,,0.000049926680,   4.88000,
,,,0.000049926720,   4.88000,
,,,0.000049926760,   4.88000,
,,,0.000049926800,   4.88000,
,,,0.000049926840,   4.88000,
,,,0.000049926880,   4.88000,
,,,0.000049926920,   4.88000,
,,,0.000049926960,   4.88000,
,,,0.000049927000,   4.88000,
,,,0.000049927040,   4.88000,
,,,0.000049927080,   4.88000,
,,,0.000049927120,   4.88000,
,,,0.000049927160,   4.88000,
,,,0.000049927200,   4.88000,
,,,0.000049927240,   4.88000,
,,,0.000049927280,   4.88000,
,,,0.000049927320,   4.88000,
,,,0.000049927360,   4.88000,
,,,0.000049927400,   4.88000,
,,,0.000049927440,   4.88000,
,,,0.000049927480,   4.88000,
,,,0.000049927520,   4.88000,
,,,0.000049927560,   4.88000,
,,,0.000049927600,   4.88000,
,,,0.000049927640,   4.88000,
,,,0.000049927680,   4.88000,
,,,0.000049927720,   4.88000,
,,,0.000049927760,   4.88000,
,,,0.000049927800,   4.88000,
,,,0.000049927840,   4.88000,
,,,0.000049927880,   4.88000,
,,,0.000049927920,   4.88000,
,,,0.000049927960,   4.88000,
,,,0.000049928000,   4.88000,
,,,0.000049928040,   4.88000,
,,,0.000049928080,   4.88000,
,,,0.000049928120,   4.88000,
,,,0.000049928160,   4.88000,
,,,0.000049928200,   4.88000,
,,,0.000049928240,   4.88000,
,,,0.000049928280,   4.88000,
,,,0.000049928320,   4.88000,
,,,0.000049928360,   4.88000,
,,,0.000049928400,   4.88000,
,,,0.000049928440,   4.88000,
,,,0.000049928480,   4.88000,
,,,0.000049928520,   4.88000,
,,,0.000049928560,   4.88000,
,,,0.000049928600,   4.88000,
,,,0.000049928640,   4.88000,
,,,0.000049928680,   4.88000,
,,,0.000049928720,   4.88000,
,,,0.000049928760,   4.88000,
,,,0.000049928800,   4.88000,
,,,0.000049928840,   4.88000,
,,,0.000049928880,   4.88000,
,,,0.000049928920,   4.88000,
,,,0.000049928960,   4.88000,
,,,0.000049929000,   4.88000,
,,,0.000049929040,   4.88000,
,,,0.000049929080,   4.88000,
,,,0.000049929120,   4.88000,
,,,0.000049929160,   4.88000,
,,,0.000049929200,   4.88000,
,,,0.000049929240,   4.88000,
,,,0.000049929280,   4.88000,
,,,0.000049929320,   4.88000,
,,,0.000049929360,   4.88000,
,,,0.000049929400,   4.88000,
,,,0.000049929440,   4.88000,
,,,0.000049929480,   4.88000,
,,,0.000049929520,   4.88000,
,,,0.000049929560,   4.88000,
,,,0.000049929600,   4.88000,
,,,0.000049929640,   4.88000,
,,,0.000049929680,   4.88000,
,,,0.000049929720,   4.88000,
,,,0.000049929760,   4.88000,
,,,0.000049929800,   4.88000,
,,,0.000049929840,   4.88000,
,,,0.000049929880,   4.88000,
,,,0.000049929920,   4.88000,
,,,0.000049929960,   4.88000,
,,,0.000049930000,   4.88000,
,,,0.000049930040,   4.88000,
,,,0.000049930080,   4.88000,
,,,0.000049930120,   4.88000,
,,,0.000049930160,   4.88000,
,,,0.000049930200,   4.88000,
,,,0.000049930240,   4.88000,
,,,0.000049930280,   4.88000,
,,,0.000049930320,   4.88000,
,,,0.000049930360,   4.88000,
,,,0.000049930400,   4.88000,
,,,0.000049930440,   4.88000,
,,,0.000049930480,   4.88000,
,,,0.000049930520,   4.88000,
,,,0.000049930560,   4.88000,
,,,0.000049930600,   4.88000,
,,,0.000049930640,   4.88000,
,,,0.000049930680,   4.88000,
,,,0.000049930720,   4.88000,
,,,0.000049930760,   4.88000,
,,,0.000049930800,   4.88000,
,,,0.000049930840,   4.88000,
,,,0.000049930880,   4.88000,
,,,0.000049930920,   4.88000,
,,,0.000049930960,   4.88000,
,,,0.000049931000,   4.88000,
,,,0.000049931040,   4.88000,
,,,0.000049931080,   4.88000,
,,,0.000049931120,   4.88000,
,,,0.000049931160,   4.88000,
,,,0.000049931200,   4.88000,
,,,0.000049931240,   4.88000,
,,,0.000049931280,   4.88000,
,,,0.000049931320,   4.88000,
,,,0.000049931360,   4.88000,
,,,0.000049931400,   4.88000,
,,,0.000049931440,   4.88000,
,,,0.000049931480,   4.88000,
,,,0.000049931520,   4.88000,
,,,0.000049931560,   4.88000,
,,,0.000049931600,   4.88000,
,,,0.000049931640,   4.88000,
,,,0.000049931680,   4.88000,
,,,0.000049931720,   4.88000,
,,,0.000049931760,   4.88000,
,,,0.000049931800,   4.88000,
,,,0.000049931840,   4.88000,
,,,0.000049931880,   4.88000,
,,,0.000049931920,   4.88000,
,,,0.000049931960,   4.88000,
,,,0.000049932000,   4.88000,
,,,0.000049932040,   4.88000,
,,,0.000049932080,   4.88000,
,,,0.000049932120,   4.88000,
,,,0.000049932160,   4.88000,
,,,0.000049932200,   4.88000,
,,,0.000049932240,   4.88000,
,,,0.000049932280,   4.88000,
,,,0.000049932320,   4.88000,
,,,0.000049932360,   4.88000,
,,,0.000049932400,   4.88000,
,,,0.000049932440,   4.88000,
,,,0.000049932480,   4.88000,
,,,0.000049932520,   4.88000,
,,,0.000049932560,   4.88000,
,,,0.000049932600,   4.88000,
,,,0.000049932640,   4.88000,
,,,0.000049932680,   4.88000,
,,,0.000049932720,   4.88000,
,,,0.000049932760,   4.88000,
,,,0.000049932800,   4.88000,
,,,0.000049932840,   4.88000,
,,,0.000049932880,   4.88000,
,,,0.000049932920,   4.88000,
,,,0.000049932960,   4.88000,
,,,0.000049933000,   4.88000,
,,,0.000049933040,   4.88000,
,,,0.000049933080,   4.88000,
,,,0.000049933120,   4.88000,
,,,0.000049933160,   4.88000,
,,,0.000049933200,   4.88000,
,,,0.000049933240,   4.88000,
,,,0.000049933280,   4.88000,
,,,0.000049933320,   4.88000,
,,,0.000049933360,   4.88000,
,,,0.000049933400,   4.88000,
,,,0.000049933440,   4.88000,
,,,0.000049933480,   4.88000,
,,,0.000049933520,   4.88000,
,,,0.000049933560,   4.88000,
,,,0.000049933600,   4.88000,
,,,0.000049933640,   4.88000,
,,,0.000049933680,   4.88000,
,,,0.000049933720,   4.88000,
,,,0.000049933760,   4.88000,
,,,0.000049933800,   4.88000,
,,,0.000049933840,   4.88000,
,,,0.000049933880,   4.88000,
,,,0.000049933920,   4.88000,
,,,0.000049933960,   4.88000,
,,,0.000049934000,   4.88000,
,,,0.000049934040,   4.88000,
,,,0.000049934080,   4.88000,
,,,0.000049934120,   4.88000,
,,,0.000049934160,   4.88000,
,,,0.000049934200,   4.88000,
,,,0.000049934240,   4.88000,
,,,0.000049934280,   4.88000,
,,,0.000049934320,   4.88000,
,,,0.000049934360,   4.88000,
,,,0.000049934400,   4.88000,
,,,0.000049934440,   4.88000,
,,,0.000049934480,   4.88000,
,,,0.000049934520,   4.88000,
,,,0.000049934560,   4.88000,
,,,0.000049934600,   4.88000,
,,,0.000049934640,   4.88000,
,,,0.000049934680,   4.88000,
,,,0.000049934720,   4.88000,
,,,0.000049934760,   4.88000,
,,,0.000049934800,   4.88000,
,,,0.000049934840,   4.88000,
,,,0.000049934880,   4.88000,
,,,0.000049934920,   4.88000,
,,,0.000049934960,   4.88000,
,,,0.000049935000,   4.88000,
,,,0.000049935040,   4.88000,
,,,0.000049935080,   4.88000,
,,,0.000049935120,   4.88000,
,,,0.000049935160,   4.88000,
,,,0.000049935200,   4.88000,
,,,0.000049935240,   4.88000,
,,,0.000049935280,   4.88000,
,,,0.000049935320,   4.88000,
,,,0.000049935360,   4.88000,
,,,0.000049935400,   4.88000,
,,,0.000049935440,   4.88000,
,,,0.000049935480,   4.88000,
,,,0.000049935520,   4.88000,
,,,0.000049935560,   4.88000,
,,,0.000049935600,   4.88000,
,,,0.000049935640,   4.88000,
,,,0.000049935680,   4.88000,
,,,0.000049935720,   4.88000,
,,,0.000049935760,   4.88000,
,,,0.000049935800,   4.88000,
,,,0.000049935840,   4.88000,
,,,0.000049935880,   4.88000,
,,,0.000049935920,   4.88000,
,,,0.000049935960,   4.88000,
,,,0.000049936000,   4.88000,
,,,0.000049936040,   4.88000,
,,,0.000049936080,   4.88000,
,,,0.000049936120,   4.88000,
,,,0.000049936160,   4.88000,
,,,0.000049936200,   4.88000,
,,,0.000049936240,   4.88000,
,,,0.000049936280,   4.88000,
,,,0.000049936320,   4.88000,
,,,0.000049936360,   4.88000,
,,,0.000049936400,   4.88000,
,,,0.000049936440,   4.88000,
,,,0.000049936480,   4.88000,
,,,0.000049936520,   4.88000,
,,,0.000049936560,   4.88000,
,,,0.000049936600,   4.88000,
,,,0.000049936640,   4.88000,
,,,0.000049936680,   4.88000,
,,,0.000049936720,   4.88000,
,,,0.000049936760,   4.88000,
,,,0.000049936800,   4.88000,
,,,0.000049936840,   4.80000,
,,,0.000049936880,   4.80000,
,,,0.000049936920,   4.80000,
,,,0.000049936960,   4.80000,
,,,0.000049937000,   4.80000,
,,,0.000049937040,   4.80000,
,,,0.000049937080,   4.80000,
,,,0.000049937120,   4.80000,
,,,0.000049937160,   4.80000,
,,,0.000049937200,   4.80000,
,,,0.000049937240,   4.80000,
,,,0.000049937280,   4.80000,
,,,0.000049937320,   4.80000,
,,,0.000049937360,   4.80000,
,,,0.000049937400,   4.80000,
,,,0.000049937440,   4.80000,
,,,0.000049937480,   4.80000,
,,,0.000049937520,   4.80000,
,,,0.000049937560,   4.80000,
,,,0.000049937600,   4.80000,
,,,0.000049937640,   4.80000,
,,,0.000049937680,   4.80000,
,,,0.000049937720,   4.80000,
,,,0.000049937760,   4.80000,
,,,0.000049937800,   4.80000,
,,,0.000049937840,   4.80000,
,,,0.000049937880,   4.80000,
,,,0.000049937920,   4.80000,
,,,0.000049937960,   4.80000,
,,,0.000049938000,   4.80000,
,,,0.000049938040,   4.80000,
,,,0.000049938080,   4.80000,
,,,0.000049938120,   4.80000,
,,,0.000049938160,   4.80000,
,,,0.000049938200,   4.80000,
,,,0.000049938240,   4.80000,
,,,0.000049938280,   4.80000,
,,,0.000049938320,   4.80000,
,,,0.000049938360,   4.88000,
,,,0.000049938400,   4.88000,
,,,0.000049938440,   4.88000,
,,,0.000049938480,   4.80000,
,,,0.000049938520,   4.80000,
,,,0.000049938560,   4.80000,
,,,0.000049938600,   4.80000,
,,,0.000049938640,   4.80000,
,,,0.000049938680,   4.80000,
,,,0.000049938720,   4.80000,
,,,0.000049938760,   4.80000,
,,,0.000049938800,   4.80000,
,,,0.000049938840,   4.80000,
,,,0.000049938880,   4.80000,
,,,0.000049938920,   4.80000,
,,,0.000049938960,   4.80000,
,,,0.000049939000,   4.80000,
,,,0.000049939040,   4.80000,
,,,0.000049939080,   4.80000,
,,,0.000049939120,   4.80000,
,,,0.000049939160,   4.80000,
,,,0.000049939200,   4.80000,
,,,0.000049939240,   4.80000,
,,,0.000049939280,   4.80000,
,,,0.000049939320,   4.80000,
,,,0.000049939360,   4.80000,
,,,0.000049939400,   4.80000,
,,,0.000049939440,   4.80000,
,,,0.000049939480,   4.80000,
,,,0.000049939520,   4.80000,
,,,0.000049939560,   4.80000,
,,,0.000049939600,   4.80000,
,,,0.000049939640,   4.80000,
,,,0.000049939680,   4.80000,
,,,0.000049939720,   4.80000,
,,,0.000049939760,   4.80000,
,,,0.000049939800,   4.80000,
,,,0.000049939840,   4.80000,
,,,0.000049939880,   4.80000,
,,,0.000049939920,   4.80000,
,,,0.000049939960,   4.80000,
,,,0.000049940000,   4.80000,
,,,0.000049940040,   4.80000,
,,,0.000049940080,   4.80000,
,,,0.000049940120,   4.80000,
,,,0.000049940160,   4.80000,
,,,0.000049940200,   4.80000,
,,,0.000049940240,   4.80000,
,,,0.000049940280,   4.80000,
,,,0.000049940320,   4.80000,
,,,0.000049940360,   4.80000,
,,,0.000049940400,   4.80000,
,,,0.000049940440,   4.80000,
,,,0.000049940480,   4.80000,
,,,0.000049940520,   4.80000,
,,,0.000049940560,   4.80000,
,,,0.000049940600,   4.80000,
,,,0.000049940640,   4.80000,
,,,0.000049940680,   4.80000,
,,,0.000049940720,   4.80000,
,,,0.000049940760,   4.80000,
,,,0.000049940800,   4.80000,
,,,0.000049940840,   4.80000,
,,,0.000049940880,   4.80000,
,,,0.000049940920,   4.80000,
,,,0.000049940960,   4.80000,
,,,0.000049941000,   4.80000,
,,,0.000049941040,   4.80000,
,,,0.000049941080,   4.80000,
,,,0.000049941120,   4.80000,
,,,0.000049941160,   4.80000,
,,,0.000049941200,   4.80000,
,,,0.000049941240,   4.80000,
,,,0.000049941280,   4.80000,
,,,0.000049941320,   4.80000,
,,,0.000049941360,   4.80000,
,,,0.000049941400,   4.80000,
,,,0.000049941440,   4.80000,
,,,0.000049941480,   4.80000,
,,,0.000049941520,   4.80000,
,,,0.000049941560,   4.80000,
,,,0.000049941600,   4.80000,
,,,0.000049941640,   4.80000,
,,,0.000049941680,   4.80000,
,,,0.000049941720,   4.80000,
,,,0.000049941760,   4.80000,
,,,0.000049941800,   4.80000,
,,,0.000049941840,   4.80000,
,,,0.000049941880,   4.80000,
,,,0.000049941920,   4.80000,
,,,0.000049941960,   4.80000,
,,,0.000049942000,   4.80000,
,,,0.000049942040,   4.80000,
,,,0.000049942080,   4.80000,
,,,0.000049942120,   4.80000,
,,,0.000049942160,   4.80000,
,,,0.000049942200,   4.80000,
,,,0.000049942240,   4.80000,
,,,0.000049942280,   4.80000,
,,,0.000049942320,   4.80000,
,,,0.000049942360,   4.80000,
,,,0.000049942400,   4.80000,
,,,0.000049942440,   4.80000,
,,,0.000049942480,   4.80000,
,,,0.000049942520,   4.80000,
,,,0.000049942560,   4.80000,
,,,0.000049942600,   4.80000,
,,,0.000049942640,   4.80000,
,,,0.000049942680,   4.80000,
,,,0.000049942720,   4.80000,
,,,0.000049942760,   4.80000,
,,,0.000049942800,   4.72000,
,,,0.000049942840,   4.72000,
,,,0.000049942880,   4.72000,
,,,0.000049942920,   4.72000,
,,,0.000049942960,   4.72000,
,,,0.000049943000,   4.72000,
,,,0.000049943040,   4.72000,
,,,0.000049943080,   4.72000,
,,,0.000049943120,   4.72000,
,,,0.000049943160,   4.72000,
,,,0.000049943200,   4.72000,
,,,0.000049943240,   4.72000,
,,,0.000049943280,   4.72000,
,,,0.000049943320,   4.72000,
,,,0.000049943360,   4.72000,
,,,0.000049943400,   4.72000,
,,,0.000049943440,   4.72000,
,,,0.000049943480,   4.72000,
,,,0.000049943520,   4.72000,
,,,0.000049943560,   4.72000,
,,,0.000049943600,   4.72000,
,,,0.000049943640,   4.72000,
,,,0.000049943680,   4.72000,
,,,0.000049943720,   4.72000,
,,,0.000049943760,   4.72000,
,,,0.000049943800,   4.72000,
,,,0.000049943840,   4.72000,
,,,0.000049943880,   4.72000,
,,,0.000049943920,   4.72000,
,,,0.000049943960,   4.72000,
,,,0.000049944000,   4.64000,
,,,0.000049944040,   4.64000,
,,,0.000049944080,   4.72000,
,,,0.000049944120,   4.64000,
,,,0.000049944160,   4.64000,
,,,0.000049944200,   4.64000,
,,,0.000049944240,   4.64000,
,,,0.000049944280,   4.64000,
,,,0.000049944320,   4.64000,
,,,0.000049944360,   4.64000,
,,,0.000049944400,   4.64000,
,,,0.000049944440,   4.64000,
,,,0.000049944480,   4.64000,
,,,0.000049944520,   4.64000,
,,,0.000049944560,   4.64000,
,,,0.000049944600,   4.64000,
,,,0.000049944640,   4.64000,
,,,0.000049944680,   4.64000,
,,,0.000049944720,   4.64000,
,,,0.000049944760,   4.64000,
,,,0.000049944800,   4.64000,
,,,0.000049944840,   4.64000,
,,,0.000049944880,   4.64000,
,,,0.000049944920,   4.64000,
,,,0.000049944960,   4.64000,
,,,0.000049945000,   4.64000,
,,,0.000049945040,   4.64000,
,,,0.000049945080,   4.64000,
,,,0.000049945120,   4.64000,
,,,0.000049945160,   4.64000,
,,,0.000049945200,   4.64000,
,,,0.000049945240,   4.64000,
,,,0.000049945280,   4.64000,
,,,0.000049945320,   4.64000,
,,,0.000049945360,   4.64000,
,,,0.000049945400,   4.64000,
,,,0.000049945440,   4.64000,
,,,0.000049945480,   4.64000,
,,,0.000049945520,   4.64000,
,,,0.000049945560,   4.64000,
,,,0.000049945600,   4.64000,
,,,0.000049945640,   4.56000,
,,,0.000049945680,   4.56000,
,,,0.000049945720,   4.56000,
,,,0.000049945760,   4.56000,
,,,0.000049945800,   4.56000,
,,,0.000049945840,   4.56000,
,,,0.000049945880,   4.56000,
,,,0.000049945920,   4.56000,
,,,0.000049945960,   4.56000,
,,,0.000049946000,   4.56000,
,,,0.000049946040,   4.56000,
,,,0.000049946080,   4.56000,
,,,0.000049946120,   4.56000,
,,,0.000049946160,   4.56000,
,,,0.000049946200,   4.56000,
,,,0.000049946240,   4.56000,
,,,0.000049946280,   4.56000,
,,,0.000049946320,   4.56000,
,,,0.000049946360,   4.56000,
,,,0.000049946400,   4.56000,
,,,0.000049946440,   4.56000,
,,,0.000049946480,   4.56000,
,,,0.000049946520,   4.56000,
,,,0.000049946560,   4.56000,
,,,0.000049946600,   4.48000,
,,,0.000049946640,   4.48000,
,,,0.000049946680,   4.48000,
,,,0.000049946720,   4.48000,
,,,0.000049946760,   4.48000,
,,,0.000049946800,   4.48000,
,,,0.000049946840,   4.48000,
,,,0.000049946880,   4.48000,
,,,0.000049946920,   4.48000,
,,,0.000049946960,   4.48000,
,,,0.000049947000,   4.48000,
,,,0.000049947040,   4.48000,
,,,0.000049947080,   4.48000,
,,,0.000049947120,   4.48000,
,,,0.000049947160,   4.40000,
,,,0.000049947200,   4.40000,
,,,0.000049947240,   4.40000,
,,,0.000049947280,   4.40000,
,,,0.000049947320,   4.40000,
,,,0.000049947360,   4.40000,
,,,0.000049947400,   4.40000,
,,,0.000049947440,   4.40000,
,,,0.000049947480,   4.40000,
,,,0.000049947520,   4.40000,
,,,0.000049947560,   4.40000,
,,,0.000049947600,   4.32000,
,,,0.000049947640,   4.32000,
,,,0.000049947680,   4.32000,
,,,0.000049947720,   4.32000,
,,,0.000049947760,   4.32000,
,,,0.000049947800,   4.32000,
,,,0.000049947840,   4.32000,
,,,0.000049947880,   4.32000,
,,,0.000049947920,   4.32000,
,,,0.000049947960,   4.32000,
,,,0.000049948000,   4.32000,
,,,0.000049948040,   4.32000,
,,,0.000049948080,   4.24000,
,,,0.000049948120,   4.24000,
,,,0.000049948160,   4.24000,
,,,0.000049948200,   4.24000,
,,,0.000049948240,   4.24000,
,,,0.000049948280,   4.24000,
,,,0.000049948320,   4.24000,
,,,0.000049948360,   4.24000,
,,,0.000049948400,   4.24000,
,,,0.000049948440,   4.24000,
,,,0.000049948480,   4.24000,
,,,0.000049948520,   4.24000,
,,,0.000049948560,   4.16000,
,,,0.000049948600,   4.16000,
,,,0.000049948640,   4.16000,
,,,0.000049948680,   4.16000,
,,,0.000049948720,   4.16000,
,,,0.000049948760,   4.16000,
,,,0.000049948800,   4.16000,
,,,0.000049948840,   4.16000,
,,,0.000049948880,   4.16000,
,,,0.000049948920,   4.16000,
,,,0.000049948960,   4.16000,
,,,0.000049949000,   4.16000,
,,,0.000049949040,   4.08000,
,,,0.000049949080,   4.08000,
,,,0.000049949120,   4.08000,
,,,0.000049949160,   4.08000,
,,,0.000049949200,   4.08000,
,,,0.000049949240,   4.08000,
,,,0.000049949280,   4.08000,
,,,0.000049949320,   4.08000,
,,,0.000049949360,   4.08000,
,,,0.000049949400,   4.08000,
,,,0.000049949440,   4.08000,
,,,0.000049949480,   4.08000,
,,,0.000049949520,   4.00000,
,,,0.000049949560,   4.00000,
,,,0.000049949600,   4.00000,
,,,0.000049949640,   4.00000,
,,,0.000049949680,   4.00000,
,,,0.000049949720,   4.00000,
,,,0.000049949760,   4.00000,
,,,0.000049949800,   4.00000,
,,,0.000049949840,   3.92000,
,,,0.000049949880,   3.92000,
,,,0.000049949920,   3.92000,
,,,0.000049949960,   3.92000,
,,,0.000049950000,   3.92000,
,,,0.000049950040,   3.92000,
,,,0.000049950080,   3.92000,
,,,0.000049950120,   3.92000,
,,,0.000049950160,   3.92000,
,,,0.000049950200,   3.92000,
,,,0.000049950240,   3.84000,
,,,0.000049950280,   3.84000,
,,,0.000049950320,   3.84000,
,,,0.000049950360,   3.84000,
,,,0.000049950400,   3.84000,
,,,0.000049950440,   3.84000,
,,,0.000049950480,   3.84000,
,,,0.000049950520,   3.84000,
,,,0.000049950560,   3.76000,
,,,0.000049950600,   3.76000,
,,,0.000049950640,   3.76000,
,,,0.000049950680,   3.76000,
,,,0.000049950720,   3.76000,
,,,0.000049950760,   3.76000,
,,,0.000049950800,   3.76000,
,,,0.000049950840,   3.68000,
,,,0.000049950880,   3.68000,
,,,0.000049950920,   3.68000,
,,,0.000049950960,   3.68000,
,,,0.000049951000,   3.68000,
,,,0.000049951040,   3.68000,
,,,0.000049951080,   3.68000,
,,,0.000049951120,   3.60000,
,,,0.000049951160,   3.60000,
,,,0.000049951200,   3.60000,
,,,0.000049951240,   3.60000,
,,,0.000049951280,   3.60000,
,,,0.000049951320,   3.60000,
,,,0.000049951360,   3.60000,
,,,0.000049951400,   3.60000,
,,,0.000049951440,   3.52000,
,,,0.000049951480,   3.52000,
,,,0.000049951520,   3.52000,
,,,0.000049951560,   3.52000,
,,,0.000049951600,   3.52000,
,,,0.000049951640,   3.52000,
,,,0.000049951680,   3.52000,
,,,0.000049951720,   3.44000,
,,,0.000049951760,   3.44000,
,,,0.000049951800,   3.44000,
,,,0.000049951840,   3.44000,
,,,0.000049951880,   3.44000,
,,,0.000049951920,   3.44000,
,,,0.000049951960,   3.44000,
,,,0.000049952000,   3.44000,
,,,0.000049952040,   3.36000,
,,,0.000049952080,   3.36000,
,,,0.000049952120,   3.36000,
,,,0.000049952160,   3.36000,
,,,0.000049952200,   3.36000,
,,,0.000049952240,   3.36000,
,,,0.000049952280,   3.36000,
,,,0.000049952320,   3.28000,
,,,0.000049952360,   3.28000,
,,,0.000049952400,   3.28000,
,,,0.000049952440,   3.28000,
,,,0.000049952480,   3.28000,
,,,0.000049952520,   3.28000,
,,,0.000049952560,   3.28000,
,,,0.000049952600,   3.20000,
,,,0.000049952640,   3.20000,
,,,0.000049952680,   3.20000,
,,,0.000049952720,   3.20000,
,,,0.000049952760,   3.20000,
,,,0.000049952800,   3.20000,
,,,0.000049952840,   3.20000,
,,,0.000049952880,   3.12000,
,,,0.000049952920,   3.12000,
,,,0.000049952960,   3.12000,
,,,0.000049953000,   3.12000,
,,,0.000049953040,   3.12000,
,,,0.000049953080,   3.12000,
,,,0.000049953120,   3.04000,
,,,0.000049953160,   3.04000,
,,,0.000049953200,   3.04000,
,,,0.000049953240,   3.04000,
,,,0.000049953280,   3.04000,
,,,0.000049953320,   2.96000,
,,,0.000049953360,   2.96000,
,,,0.000049953400,   2.96000,
,,,0.000049953440,   2.96000,
,,,0.000049953480,   2.96000,
,,,0.000049953520,   2.96000,
,,,0.000049953560,   2.96000,
,,,0.000049953600,   2.88000,
,,,0.000049953640,   2.88000,
,,,0.000049953680,   2.88000,
,,,0.000049953720,   2.88000,
,,,0.000049953760,   2.88000,
,,,0.000049953800,   2.80000,
,,,0.000049953840,   2.80000,
,,,0.000049953880,   2.80000,
,,,0.000049953920,   2.80000,
,,,0.000049953960,   2.80000,
,,,0.000049954000,   2.80000,
,,,0.000049954040,   2.72000,
,,,0.000049954080,   2.72000,
,,,0.000049954120,   2.72000,
,,,0.000049954160,   2.72000,
,,,0.000049954200,   2.72000,
,,,0.000049954240,   2.72000,
,,,0.000049954280,   2.64000,
,,,0.000049954320,   2.64000,
,,,0.000049954360,   2.64000,
,,,0.000049954400,   2.64000,
,,,0.000049954440,   2.64000,
,,,0.000049954480,   2.64000,
,,,0.000049954520,   2.56000,
,,,0.000049954560,   2.56000,
,,,0.000049954600,   2.56000,
,,,0.000049954640,   2.56000,
,,,0.000049954680,   2.56000,
,,,0.000049954720,   2.48000,
,,,0.000049954760,   2.48000,
,,,0.000049954800,   2.48000,
,,,0.000049954840,   2.48000,
,,,0.000049954880,   2.48000,
,,,0.000049954920,   2.48000,
,,,0.000049954960,   2.40000,
,,,0.000049955000,   2.40000,
,,,0.000049955040,   2.40000,
,,,0.000049955080,   2.40000,
,,,0.000049955120,   2.40000,
,,,0.000049955160,   2.32000,
,,,0.000049955200,   2.32000,
,,,0.000049955240,   2.32000,
,,,0.000049955280,   2.32000,
,,,0.000049955320,   2.32000,
,,,0.000049955360,   2.24000,
,,,0.000049955400,   2.24000,
,,,0.000049955440,   2.24000,
,,,0.000049955480,   2.24000,
,,,0.000049955520,   2.24000,
,,,0.000049955560,   2.16000,
,,,0.000049955600,   2.16000,
,,,0.000049955640,   2.16000,
,,,0.000049955680,   2.16000,
,,,0.000049955720,   2.16000,
,,,0.000049955760,   2.16000,
,,,0.000049955800,   2.08000,
,,,0.000049955840,   2.08000,
,,,0.000049955880,   2.08000,
,,,0.000049955920,   2.08000,
,,,0.000049955960,   2.08000,
,,,0.000049956000,   2.00000,
,,,0.000049956040,   2.00000,
,,,0.000049956080,   2.00000,
,,,0.000049956120,   2.00000,
,,,0.000049956160,   2.00000,
,,,0.000049956200,   2.00000,
,,,0.000049956240,   1.92000,
,,,0.000049956280,   1.92000,
,,,0.000049956320,   1.92000,
,,,0.000049956360,   1.92000,
,,,0.000049956400,   1.92000,
,,,0.000049956440,   1.84000,
,,,0.000049956480,   1.84000,
,,,0.000049956520,   1.84000,
,,,0.000049956560,   1.84000,
,,,0.000049956600,   1.84000,
,,,0.000049956640,   1.84000,
,,,0.000049956680,   1.76000,
,,,0.000049956720,   1.76000,
,,,0.000049956760,   1.76000,
,,,0.000049956800,   1.76000,
,,,0.000049956840,   1.76000,
,,,0.000049956880,   1.68000,
,,,0.000049956920,   1.68000,
,,,0.000049956960,   1.68000,
,,,0.000049957000,   1.68000,
,,,0.000049957040,   1.68000,
,,,0.000049957080,   1.60000,
,,,0.000049957120,   1.60000,
,,,0.000049957160,   1.60000,
,,,0.000049957200,   1.60000,
,,,0.000049957240,   1.60000,
,,,0.000049957280,   1.60000,
,,,0.000049957320,   1.52000,
,,,0.000049957360,   1.52000,
,,,0.000049957400,   1.52000,
,,,0.000049957440,   1.52000,
,,,0.000049957480,   1.52000,
,,,0.000049957520,   1.44000,
,,,0.000049957560,   1.44000,
,,,0.000049957600,   1.44000,
,,,0.000049957640,   1.44000,
,,,0.000049957680,   1.44000,
,,,0.000049957720,   1.36000,
,,,0.000049957760,   1.36000,
,,,0.000049957800,   1.36000,
,,,0.000049957840,   1.36000,
,,,0.000049957880,   1.36000,
,,,0.000049957920,   1.28000,
,,,0.000049957960,   1.28000,
,,,0.000049958000,   1.28000,
,,,0.000049958040,   1.28000,
,,,0.000049958080,   1.28000,
,,,0.000049958120,   1.20000,
,,,0.000049958160,   1.20000,
,,,0.000049958200,   1.20000,
,,,0.000049958240,   1.20000,
,,,0.000049958280,   1.20000,
,,,0.000049958320,   1.12000,
,,,0.000049958360,   1.12000,
,,,0.000049958400,   1.12000,
,,,0.000049958440,   1.12000,
,,,0.000049958480,   1.12000,
,,,0.000049958520,   1.04000,
,,,0.000049958560,   1.04000,
,,,0.000049958600,   1.04000,
,,,0.000049958640,   1.04000,
,,,0.000049958680,   1.04000,
,,,0.000049958720,   0.96000,
,,,0.000049958760,   0.96000,
,,,0.000049958800,   0.96000,
,,,0.000049958840,   0.96000,
,,,0.000049958880,   0.96000,
,,,0.000049958920,   0.88000,
,,,0.000049958960,   0.88000,
,,,0.000049959000,   0.88000,
,,,0.000049959040,   0.88000,
,,,0.000049959080,   0.88000,
,,,0.000049959120,   0.80000,
,,,0.000049959160,   0.80000,
,,,0.000049959200,   0.80000,
,,,0.000049959240,   0.80000,
,,,0.000049959280,   0.80000,
,,,0.000049959320,   0.72000,
,,,0.000049959360,   0.72000,
,,,0.000049959400,   0.72000,
,,,0.000049959440,   0.72000,
,,,0.000049959480,   0.72000,
,,,0.000049959520,   0.64000,
,,,0.000049959560,   0.64000,
,,,0.000049959600,   0.64000,
,,,0.000049959640,   0.64000,
,,,0.000049959680,   0.64000,
,,,0.000049959720,   0.56000,
,,,0.000049959760,   0.56000,
,,,0.000049959800,   0.56000,
,,,0.000049959840,   0.56000,
,,,0.000049959880,   0.56000,
,,,0.000049959920,   0.48000,
,,,0.000049959960,   0.48000,
,,,0.000049960000,   0.48000,
,,,0.000049960040,   0.48000,
,,,0.000049960080,   0.48000,
,,,0.000049960120,   0.40000,
,,,0.000049960160,   0.40000,
,,,0.000049960200,   0.40000,
,,,0.000049960240,   0.40000,
,,,0.000049960280,   0.40000,
,,,0.000049960320,   0.32000,
,,,0.000049960360,   0.32000,
,,,0.000049960400,   0.32000,
,,,0.000049960440,   0.32000,
,,,0.000049960480,   0.32000,
,,,0.000049960520,   0.24000,
,,,0.000049960560,   0.24000,
,,,0.000049960600,   0.24000,
,,,0.000049960640,   0.24000,
,,,0.000049960680,   0.24000,
,,,0.000049960720,   0.16000,
,,,0.000049960760,   0.16000,
,,,0.000049960800,   0.16000,
,,,0.000049960840,   0.16000,
,,,0.000049960880,   0.16000,
,,,0.000049960920,   0.16000,
,,,0.000049960960,   0.08000,
,,,0.000049961000,   0.08000,
,,,0.000049961040,   0.08000,
,,,0.000049961080,   0.08000,
,,,0.000049961120,   0.08000,
,,,0.000049961160,   0.00000,
,,,0.000049961200,   0.00000,
,,,0.000049961240,   0.00000,
,,,0.000049961280,   0.00000,
,,,0.000049961320,   0.00000,
,,,0.000049961360,   0.00000,
,,,0.000049961400,  -0.08000,
,,,0.000049961440,  -0.08000,
,,,0.000049961480,  -0.08000,
,,,0.000049961520,  -0.08000,
,,,0.000049961560,  -0.08000,
,,,0.000049961600,  -0.08000,
,,,0.000049961640,  -0.16000,
,,,0.000049961680,  -0.16000,
,,,0.000049961720,  -0.16000,
,,,0.000049961760,  -0.16000,
,,,0.000049961800,  -0.16000,
,,,0.000049961840,  -0.24000,
,,,0.000049961880,  -0.24000,
,,,0.000049961920,  -0.24000,
,,,0.000049961960,  -0.24000,
,,,0.000049962000,  -0.24000,
,,,0.000049962040,  -0.24000,
,,,0.000049962080,  -0.32000,
,,,0.000049962120,  -0.32000,
,,,0.000049962160,  -0.32000,
,,,0.000049962200,  -0.32000,
,,,0.000049962240,  -0.32000,
,,,0.000049962280,  -0.32000,
,,,0.000049962320,  -0.40000,
,,,0.000049962360,  -0.40000,
,,,0.000049962400,  -0.40000,
,,,0.000049962440,  -0.40000,
,,,0.000049962480,  -0.40000,
,,,0.000049962520,  -0.40000,
,,,0.000049962560,  -0.48000,
,,,0.000049962600,  -0.48000,
,,,0.000049962640,  -0.48000,
,,,0.000049962680,  -0.48000,
,,,0.000049962720,  -0.48000,
,,,0.000049962760,  -0.56000,
,,,0.000049962800,  -0.56000,
,,,0.000049962840,  -0.56000,
,,,0.000049962880,  -0.56000,
,,,0.000049962920,  -0.56000,
,,,0.000049962960,  -0.56000,
,,,0.000049963000,  -0.56000,
,,,0.000049963040,  -0.64000,
,,,0.000049963080,  -0.64000,
,,,0.000049963120,  -0.64000,
,,,0.000049963160,  -0.64000,
,,,0.000049963200,  -0.64000,
,,,0.000049963240,  -0.64000,
,,,0.000049963280,  -0.72000,
,,,0.000049963320,  -0.72000,
,,,0.000049963360,  -0.72000,
,,,0.000049963400,  -0.72000,
,,,0.000049963440,  -0.72000,
,,,0.000049963480,  -0.72000,
,,,0.000049963520,  -0.72000,
,,,0.000049963560,  -0.80000,
,,,0.000049963600,  -0.80000,
,,,0.000049963640,  -0.80000,
,,,0.000049963680,  -0.80000,
,,,0.000049963720,  -0.80000,
,,,0.000049963760,  -0.88000,
,,,0.000049963800,  -0.88000,
,,,0.000049963840,  -0.88000,
,,,0.000049963880,  -0.88000,
,,,0.000049963920,  -0.88000,
,,,0.000049963960,  -0.88000,
,,,0.000049964000,  -0.96000,
,,,0.000049964040,  -0.96000,
,,,0.000049964080,  -0.96000,
,,,0.000049964120,  -0.96000,
,,,0.000049964160,  -0.96000,
,,,0.000049964200,  -0.96000,
,,,0.000049964240,  -0.96000,
,,,0.000049964280,  -1.04000,
,,,0.000049964320,  -1.04000,
,,,0.000049964360,  -1.04000,
,,,0.000049964400,  -1.04000,
,,,0.000049964440,  -1.04000,
,,,0.000049964480,  -1.04000,
,,,0.000049964520,  -1.04000,
,,,0.000049964560,  -1.12000,
,,,0.000049964600,  -1.12000,
,,,0.000049964640,  -1.12000,
,,,0.000049964680,  -1.12000,
,,,0.000049964720,  -1.12000,
,,,0.000049964760,  -1.12000,
,,,0.000049964800,  -1.12000,
,,,0.000049964840,  -1.12000,
,,,0.000049964880,  -1.20000,
,,,0.000049964920,  -1.20000,
,,,0.000049964960,  -1.20000,
,,,0.000049965000,  -1.20000,
,,,0.000049965040,  -1.20000,
,,,0.000049965080,  -1.20000,
,,,0.000049965120,  -1.20000,
,,,0.000049965160,  -1.28000,
,,,0.000049965200,  -1.28000,
,,,0.000049965240,  -1.28000,
,,,0.000049965280,  -1.28000,
,,,0.000049965320,  -1.28000,
,,,0.000049965360,  -1.28000,
,,,0.000049965400,  -1.28000,
,,,0.000049965440,  -1.28000,
,,,0.000049965480,  -1.28000,
,,,0.000049965520,  -1.28000,
,,,0.000049965560,  -1.36000,
,,,0.000049965600,  -1.36000,
,,,0.000049965640,  -1.36000,
,,,0.000049965680,  -1.36000,
,,,0.000049965720,  -1.36000,
,,,0.000049965760,  -1.36000,
,,,0.000049965800,  -1.36000,
,,,0.000049965840,  -1.44000,
,,,0.000049965880,  -1.44000,
,,,0.000049965920,  -1.44000,
,,,0.000049965960,  -1.44000,
,,,0.000049966000,  -1.44000,
,,,0.000049966040,  -1.44000,
,,,0.000049966080,  -1.44000,
,,,0.000049966120,  -1.44000,
,,,0.000049966160,  -1.44000,
,,,0.000049966200,  -1.52000,
,,,0.000049966240,  -1.52000,
,,,0.000049966280,  -1.52000,
,,,0.000049966320,  -1.52000,
,,,0.000049966360,  -1.52000,
,,,0.000049966400,  -1.52000,
,,,0.000049966440,  -1.52000,
,,,0.000049966480,  -1.52000,
,,,0.000049966520,  -1.52000,
,,,0.000049966560,  -1.52000,
,,,0.000049966600,  -1.60000,
,,,0.000049966640,  -1.60000,
,,,0.000049966680,  -1.60000,
,,,0.000049966720,  -1.60000,
,,,0.000049966760,  -1.60000,
,,,0.000049966800,  -1.60000,
,,,0.000049966840,  -1.60000,
,,,0.000049966880,  -1.60000,
,,,0.000049966920,  -1.68000,
,,,0.000049966960,  -1.68000,
,,,0.000049967000,  -1.68000,
,,,0.000049967040,  -1.68000,
,,,0.000049967080,  -1.68000,
,,,0.000049967120,  -1.68000,
,,,0.000049967160,  -1.68000,
,,,0.000049967200,  -1.68000,
,,,0.000049967240,  -1.68000,
,,,0.000049967280,  -1.68000,
,,,0.000049967320,  -1.76000,
,,,0.000049967360,  -1.76000,
,,,0.000049967400,  -1.76000,
,,,0.000049967440,  -1.76000,
,,,0.000049967480,  -1.76000,
,,,0.000049967520,  -1.76000,
,,,0.000049967560,  -1.76000,
,,,0.000049967600,  -1.76000,
,,,0.000049967640,  -1.76000,
,,,0.000049967680,  -1.84000,
,,,0.000049967720,  -1.84000,
,,,0.000049967760,  -1.84000,
,,,0.000049967800,  -1.84000,
,,,0.000049967840,  -1.84000,
,,,0.000049967880,  -1.84000,
,,,0.000049967920,  -1.84000,
,,,0.000049967960,  -1.84000,
,,,0.000049968000,  -1.84000,
,,,0.000049968040,  -1.84000,
,,,0.000049968080,  -1.84000,
,,,0.000049968120,  -1.84000,
,,,0.000049968160,  -1.92000,
,,,0.000049968200,  -1.92000,
,,,0.000049968240,  -1.92000,
,,,0.000049968280,  -1.92000,
,,,0.000049968320,  -1.92000,
,,,0.000049968360,  -1.92000,
,,,0.000049968400,  -1.92000,
,,,0.000049968440,  -1.92000,
,,,0.000049968480,  -1.92000,
,,,0.000049968520,  -1.92000,
,,,0.000049968560,  -1.92000,
,,,0.000049968600,  -1.92000,
,,,0.000049968640,  -1.92000,
,,,0.000049968680,  -2.00000,
,,,0.000049968720,  -2.00000,
,,,0.000049968760,  -2.00000,
,,,0.000049968800,  -2.00000,
,,,0.000049968840,  -2.00000,
,,,0.000049968880,  -2.00000,
,,,0.000049968920,  -2.00000,
,,,0.000049968960,  -2.00000,
,,,0.000049969000,  -2.00000,
,,,0.000049969040,  -2.00000,
,,,0.000049969080,  -2.00000,
,,,0.000049969120,  -2.00000,
,,,0.000049969160,  -2.00000,
,,,0.000049969200,  -2.08000,
,,,0.000049969240,  -2.08000,
,,,0.000049969280,  -2.08000,
,,,0.000049969320,  -2.08000,
,,,0.000049969360,  -2.08000,
,,,0.000049969400,  -2.08000,
,,,0.000049969440,  -2.08000,
,,,0.000049969480,  -2.08000,
,,,0.000049969520,  -2.08000,
,,,0.000049969560,  -2.08000,
,,,0.000049969600,  -2.08000,
,,,0.000049969640,  -2.08000,
,,,0.000049969680,  -2.08000,
,,,0.000049969720,  -2.08000,
,,,0.000049969760,  -2.08000,
,,,0.000049969800,  -2.16000,
,,,0.000049969840,  -2.16000,
,,,0.000049969880,  -2.16000,
,,,0.000049969920,  -2.16000,
,,,0.000049969960,  -2.16000,
,,,0.000049970000,  -2.16000,
,,,0.000049970040,  -2.16000,
,,,0.000049970080,  -2.16000,
,,,0.000049970120,  -2.16000,
,,,0.000049970160,  -2.16000,
,,,0.000049970200,  -2.16000,
,,,0.000049970240,  -2.16000,
,,,0.000049970280,  -2.16000,
,,,0.000049970320,  -2.16000,
,,,0.000049970360,  -2.16000,
,,,0.000049970400,  -2.24000,
,,,0.000049970440,  -2.24000,
,,,0.000049970480,  -2.24000,
,,,0.000049970520,  -2.24000,
,,,0.000049970560,  -2.24000,
,,,0.000049970600,  -2.24000,
,,,0.000049970640,  -2.24000,
,,,0.000049970680,  -2.24000,
,,,0.000049970720,  -2.24000,
,,,0.000049970760,  -2.24000,
,,,0.000049970800,  -2.24000,
,,,0.000049970840,  -2.24000,
,,,0.000049970880,  -2.24000,
,,,0.000049970920,  -2.24000,
,,,0.000049970960,  -2.24000,
,,,0.000049971000,  -2.24000,
,,,0.000049971040,  -2.32000,
,,,0.000049971080,  -2.32000,
,,,0.000049971120,  -2.32000,
,,,0.000049971160,  -2.32000,
,,,0.000049971200,  -2.32000,
,,,0.000049971240,  -2.32000,
,,,0.000049971280,  -2.32000,
,,,0.000049971320,  -2.32000,
,,,0.000049971360,  -2.32000,
,,,0.000049971400,  -2.32000,
,,,0.000049971440,  -2.32000,
,,,0.000049971480,  -2.32000,
,,,0.000049971520,  -2.32000,
,,,0.000049971560,  -2.32000,
,,,0.000049971600,  -2.32000,
,,,0.000049971640,  -2.32000,
,,,0.000049971680,  -2.32000,
,,,0.000049971720,  -2.32000,
,,,0.000049971760,  -2.32000,
,,,0.000049971800,  -2.40000,
,,,0.000049971840,  -2.40000,
,,,0.000049971880,  -2.40000,
,,,0.000049971920,  -2.40000,
,,,0.000049971960,  -2.40000,
,,,0.000049972000,  -2.40000,
,,,0.000049972040,  -2.40000,
,,,0.000049972080,  -2.40000,
,,,0.000049972120,  -2.40000,
,,,0.000049972160,  -2.40000,
,,,0.000049972200,  -2.40000,
,,,0.000049972240,  -2.40000,
,,,0.000049972280,  -2.40000,
,,,0.000049972320,  -2.40000,
,,,0.000049972360,  -2.40000,
,,,0.000049972400,  -2.40000,
,,,0.000049972440,  -2.40000,
,,,0.000049972480,  -2.40000,
,,,0.000049972520,  -2.40000,
,,,0.000049972560,  -2.48000,
,,,0.000049972600,  -2.48000,
,,,0.000049972640,  -2.48000,
,,,0.000049972680,  -2.48000,
,,,0.000049972720,  -2.48000,
,,,0.000049972760,  -2.48000,
,,,0.000049972800,  -2.48000,
,,,0.000049972840,  -2.48000,
,,,0.000049972880,  -2.48000,
,,,0.000049972920,  -2.48000,
,,,0.000049972960,  -2.48000,
,,,0.000049973000,  -2.48000,
,,,0.000049973040,  -2.48000,
,,,0.000049973080,  -2.48000,
,,,0.000049973120,  -2.48000,
,,,0.000049973160,  -2.48000,
,,,0.000049973200,  -2.56000,
,,,0.000049973240,  -2.56000,
,,,0.000049973280,  -2.56000,
,,,0.000049973320,  -2.56000,
,,,0.000049973360,  -2.56000,
,,,0.000049973400,  -2.56000,
,,,0.000049973440,  -2.56000,
,,,0.000049973480,  -2.56000,
,,,0.000049973520,  -2.56000,
,,,0.000049973560,  -2.56000,
,,,0.000049973600,  -2.56000,
,,,0.000049973640,  -2.56000,
,,,0.000049973680,  -2.56000,
,,,0.000049973720,  -2.56000,
,,,0.000049973760,  -2.56000,
,,,0.000049973800,  -2.56000,
,,,0.000049973840,  -2.56000,
,,,0.000049973880,  -2.56000,
,,,0.000049973920,  -2.56000,
,,,0.000049973960,  -2.56000,
,,,0.000049974000,  -2.56000,
,,,0.000049974040,  -2.56000,
,,,0.000049974080,  -2.56000,
,,,0.000049974120,  -2.64000,
,,,0.000049974160,  -2.64000,
,,,0.000049974200,  -2.64000,
,,,0.000049974240,  -2.64000,
,,,0.000049974280,  -2.64000,
,,,0.000049974320,  -2.64000,
,,,0.000049974360,  -2.64000,
,,,0.000049974400,  -2.64000,
,,,0.000049974440,  -2.64000,
,,,0.000049974480,  -2.64000,
,,,0.000049974520,  -2.64000,
,,,0.000049974560,  -2.64000,
,,,0.000049974600,  -2.64000,
,,,0.000049974640,  -2.64000,
,,,0.000049974680,  -2.64000,
,,,0.000049974720,  -2.64000,
,,,0.000049974760,  -2.64000,
,,,0.000049974800,  -2.64000,
,,,0.000049974840,  -2.64000,
,,,0.000049974880,  -2.64000,
,,,0.000049974920,  -2.64000,
,,,0.000049974960,  -2.64000,
,,,0.000049975000,  -2.64000,
,,,0.000049975040,  -2.64000,
,,,0.000049975080,  -2.64000,
,,,0.000049975120,  -2.64000,
,,,0.000049975160,  -2.72000,
,,,0.000049975200,  -2.72000,
,,,0.000049975240,  -2.72000,
,,,0.000049975280,  -2.72000,
,,,0.000049975320,  -2.72000,
,,,0.000049975360,  -2.72000,
,,,0.000049975400,  -2.72000,
,,,0.000049975440,  -2.72000,
,,,0.000049975480,  -2.72000,
,,,0.000049975520,  -2.72000,
,,,0.000049975560,  -2.72000,
,,,0.000049975600,  -2.72000,
,,,0.000049975640,  -2.72000,
,,,0.000049975680,  -2.72000,
,,,0.000049975720,  -2.72000,
,,,0.000049975760,  -2.72000,
,,,0.000049975800,  -2.72000,
,,,0.000049975840,  -2.72000,
,,,0.000049975880,  -2.72000,
,,,0.000049975920,  -2.72000,
,,,0.000049975960,  -2.72000,
,,,0.000049976000,  -2.72000,
,,,0.000049976040,  -2.72000,
,,,0.000049976080,  -2.80000,
,,,0.000049976120,  -2.80000,
,,,0.000049976160,  -2.80000,
,,,0.000049976200,  -2.80000,
,,,0.000049976240,  -2.80000,
,,,0.000049976280,  -2.80000,
,,,0.000049976320,  -2.80000,
,,,0.000049976360,  -2.80000,
,,,0.000049976400,  -2.80000,
,,,0.000049976440,  -2.80000,
,,,0.000049976480,  -2.80000,
,,,0.000049976520,  -2.80000,
,,,0.000049976560,  -2.80000,
,,,0.000049976600,  -2.80000,
,,,0.000049976640,  -2.80000,
,,,0.000049976680,  -2.80000,
,,,0.000049976720,  -2.80000,
,,,0.000049976760,  -2.80000,
,,,0.000049976800,  -2.80000,
,,,0.000049976840,  -2.88000,
,,,0.000049976880,  -2.88000,
,,,0.000049976920,  -2.88000,
,,,0.000049976960,  -2.88000,
,,,0.000049977000,  -2.88000,
,,,0.000049977040,  -2.88000,
,,,0.000049977080,  -2.88000,
,,,0.000049977120,  -2.88000,
,,,0.000049977160,  -2.88000,
,,,0.000049977200,  -2.88000,
,,,0.000049977240,  -2.88000,
,,,0.000049977280,  -2.88000,
,,,0.000049977320,  -2.88000,
,,,0.000049977360,  -2.88000,
,,,0.000049977400,  -2.88000,
,,,0.000049977440,  -2.88000,
,,,0.000049977480,  -2.88000,
,,,0.000049977520,  -2.88000,
,,,0.000049977560,  -2.88000,
,,,0.000049977600,  -2.96000,
,,,0.000049977640,  -2.96000,
,,,0.000049977680,  -2.96000,
,,,0.000049977720,  -2.96000,
,,,0.000049977760,  -2.96000,
,,,0.000049977800,  -2.96000,
,,,0.000049977840,  -2.96000,
,,,0.000049977880,  -2.96000,
,,,0.000049977920,  -2.96000,
,,,0.000049977960,  -2.96000,
,,,0.000049978000,  -2.96000,
,,,0.000049978040,  -2.96000,
,,,0.000049978080,  -2.96000,
,,,0.000049978120,  -2.96000,
,,,0.000049978160,  -2.96000,
,,,0.000049978200,  -2.96000,
,,,0.000049978240,  -2.96000,
,,,0.000049978280,  -2.96000,
,,,0.000049978320,  -3.04000,
,,,0.000049978360,  -3.04000,
,,,0.000049978400,  -3.04000,
,,,0.000049978440,  -3.04000,
,,,0.000049978480,  -3.04000,
,,,0.000049978520,  -3.04000,
,,,0.000049978560,  -3.04000,
,,,0.000049978600,  -3.04000,
,,,0.000049978640,  -3.04000,
,,,0.000049978680,  -3.04000,
,,,0.000049978720,  -3.04000,
,,,0.000049978760,  -3.04000,
,,,0.000049978800,  -3.04000,
,,,0.000049978840,  -3.04000,
,,,0.000049978880,  -3.04000,
,,,0.000049978920,  -3.04000,
,,,0.000049978960,  -3.04000,
,,,0.000049979000,  -3.04000,
,,,0.000049979040,  -3.12000,
,,,0.000049979080,  -3.12000,
,,,0.000049979120,  -3.12000,
,,,0.000049979160,  -3.12000,
,,,0.000049979200,  -3.12000,
,,,0.000049979240,  -3.12000,
,,,0.000049979280,  -3.12000,
,,,0.000049979320,  -3.12000,
,,,0.000049979360,  -3.12000,
,,,0.000049979400,  -3.12000,
,,,0.000049979440,  -3.12000,
,,,0.000049979480,  -3.12000,
,,,0.000049979520,  -3.12000,
,,,0.000049979560,  -3.12000,
,,,0.000049979600,  -3.12000,
,,,0.000049979640,  -3.12000,
,,,0.000049979680,  -3.20000,
,,,0.000049979720,  -3.20000,
,,,0.000049979760,  -3.20000,
,,,0.000049979800,  -3.20000,
,,,0.000049979840,  -3.20000,
,,,0.000049979880,  -3.20000,
,,,0.000049979920,  -3.20000,
,,,0.000049979960,  -3.20000,
,,,0.000049980000,  -3.20000,
,,,0.000049980040,  -3.20000,
,,,0.000049980080,  -3.20000,
,,,0.000049980120,  -3.20000,
,,,0.000049980160,  -3.20000,
,,,0.000049980200,  -3.28000,
,,,0.000049980240,  -3.28000,
,,,0.000049980280,  -3.28000,
,,,0.000049980320,  -3.28000,
,,,0.000049980360,  -3.28000,
,,,0.000049980400,  -3.28000,
,,,0.000049980440,  -3.28000,
,,,0.000049980480,  -3.28000,
,,,0.000049980520,  -3.28000,
,,,0.000049980560,  -3.28000,
,,,0.000049980600,  -3.28000,
,,,0.000049980640,  -3.28000,
,,,0.000049980680,  -3.28000,
,,,0.000049980720,  -3.36000,
,,,0.000049980760,  -3.36000,
,,,0.000049980800,  -3.36000,
,,,0.000049980840,  -3.36000,
,,,0.000049980880,  -3.36000,
,,,0.000049980920,  -3.36000,
,,,0.000049980960,  -3.36000,
,,,0.000049981000,  -3.36000,
,,,0.000049981040,  -3.36000,
,,,0.000049981080,  -3.36000,
,,,0.000049981120,  -3.36000,
,,,0.000049981160,  -3.36000,
,,,0.000049981200,  -3.36000,
,,,0.000049981240,  -3.36000,
,,,0.000049981280,  -3.36000,
,,,0.000049981320,  -3.36000,
,,,0.000049981360,  -3.44000,
,,,0.000049981400,  -3.44000,
,,,0.000049981440,  -3.44000,
,,,0.000049981480,  -3.44000,
,,,0.000049981520,  -3.44000,
,,,0.000049981560,  -3.44000,
,,,0.000049981600,  -3.44000,
,,,0.000049981640,  -3.44000,
,,,0.000049981680,  -3.44000,
,,,0.000049981720,  -3.44000,
,,,0.000049981760,  -3.44000,
,,,0.000049981800,  -3.44000,
,,,0.000049981840,  -3.44000,
,,,0.000049981880,  -3.44000,
,,,0.000049981920,  -3.52000,
,,,0.000049981960,  -3.52000,
,,,0.000049982000,  -3.52000,
,,,0.000049982040,  -3.52000,
,,,0.000049982080,  -3.52000,
,,,0.000049982120,  -3.52000,
,,,0.000049982160,  -3.52000,
,,,0.000049982200,  -3.52000,
,,,0.000049982240,  -3.52000,
,,,0.000049982280,  -3.52000,
,,,0.000049982320,  -3.52000,
,,,0.000049982360,  -3.52000,
,,,0.000049982400,  -3.52000,
,,,0.000049982440,  -3.52000,
,,,0.000049982480,  -3.52000,
,,,0.000049982520,  -3.52000,
,,,0.000049982560,  -3.52000,
,,,0.000049982600,  -3.60000,
,,,0.000049982640,  -3.60000,
,,,0.000049982680,  -3.60000,
,,,0.000049982720,  -3.60000,
,,,0.000049982760,  -3.60000,
,,,0.000049982800,  -3.60000,
,,,0.000049982840,  -3.60000,
,,,0.000049982880,  -3.60000,
,,,0.000049982920,  -3.60000,
,,,0.000049982960,  -3.60000,
,,,0.000049983000,  -3.60000,
,,,0.000049983040,  -3.60000,
,,,0.000049983080,  -3.60000,
,,,0.000049983120,  -3.68000,
,,,0.000049983160,  -3.68000,
,,,0.000049983200,  -3.68000,
,,,0.000049983240,  -3.68000,
,,,0.000049983280,  -3.68000,
,,,0.000049983320,  -3.68000,
,,,0.000049983360,  -3.68000,
,,,0.000049983400,  -3.68000,
,,,0.000049983440,  -3.68000,
,,,0.000049983480,  -3.68000,
,,,0.000049983520,  -3.68000,
,,,0.000049983560,  -3.68000,
,,,0.000049983600,  -3.68000,
,,,0.000049983640,  -3.68000,
,,,0.000049983680,  -3.68000,
,,,0.000049983720,  -3.68000,
,,,0.000049983760,  -3.76000,
,,,0.000049983800,  -3.76000,
,,,0.000049983840,  -3.76000,
,,,0.000049983880,  -3.76000,
,,,0.000049983920,  -3.76000,
,,,0.000049983960,  -3.76000,
,,,0.000049984000,  -3.76000,
,,,0.000049984040,  -3.76000,
,,,0.000049984080,  -3.76000,
,,,0.000049984120,  -3.76000,
,,,0.000049984160,  -3.76000,
,,,0.000049984200,  -3.76000,
,,,0.000049984240,  -3.76000,
,,,0.000049984280,  -3.76000,
,,,0.000049984320,  -3.76000,
,,,0.000049984360,  -3.76000,
,,,0.000049984400,  -3.76000,
,,,0.000049984440,  -3.76000,
,,,0.000049984480,  -3.84000,
,,,0.000049984520,  -3.84000,
,,,0.000049984560,  -3.84000,
,,,0.000049984600,  -3.84000,
,,,0.000049984640,  -3.84000,
,,,0.000049984680,  -3.84000,
,,,0.000049984720,  -3.84000,
,,,0.000049984760,  -3.84000,
,,,0.000049984800,  -3.84000,
,,,0.000049984840,  -3.84000,
,,,0.000049984880,  -3.84000,
,,,0.000049984920,  -3.84000,
,,,0.000049984960,  -3.92000,
,,,0.000049985000,  -3.92000,
,,,0.000049985040,  -3.92000,
,,,0.000049985080,  -3.92000,
,,,0.000049985120,  -3.92000,
,,,0.000049985160,  -3.92000,
,,,0.000049985200,  -3.92000,
,,,0.000049985240,  -3.92000,
,,,0.000049985280,  -3.92000,
,,,0.000049985320,  -3.92000,
,,,0.000049985360,  -3.92000,
,,,0.000049985400,  -3.92000,
,,,0.000049985440,  -3.92000,
,,,0.000049985480,  -3.92000,
,,,0.000049985520,  -3.92000,
,,,0.000049985560,  -4.00000,
,,,0.000049985600,  -4.00000,
,,,0.000049985640,  -4.00000,
,,,0.000049985680,  -4.00000,
,,,0.000049985720,  -4.00000,
,,,0.000049985760,  -4.00000,
,,,0.000049985800,  -4.00000,
,,,0.000049985840,  -4.00000,
,,,0.000049985880,  -4.00000,
,,,0.000049985920,  -4.00000,
,,,0.000049985960,  -4.00000,
,,,0.000049986000,  -4.00000,
,,,0.000049986040,  -4.00000,
,,,0.000049986080,  -4.00000,
,,,0.000049986120,  -4.00000,
,,,0.000049986160,  -4.08000,
,,,0.000049986200,  -4.08000,
,,,0.000049986240,  -4.08000,
,,,0.000049986280,  -4.08000,
,,,0.000049986320,  -4.08000,
,,,0.000049986360,  -4.08000,
,,,0.000049986400,  -4.08000,
,,,0.000049986440,  -4.08000,
,,,0.000049986480,  -4.08000,
,,,0.000049986520,  -4.08000,
,,,0.000049986560,  -4.08000,
,,,0.000049986600,  -4.08000,
,,,0.000049986640,  -4.08000,
,,,0.000049986680,  -4.08000,
,,,0.000049986720,  -4.08000,
,,,0.000049986760,  -4.08000,
,,,0.000049986800,  -4.16000,
,,,0.000049986840,  -4.16000,
,,,0.000049986880,  -4.16000,
,,,0.000049986920,  -4.16000,
,,,0.000049986960,  -4.16000,
,,,0.000049987000,  -4.16000,
,,,0.000049987040,  -4.16000,
,,,0.000049987080,  -4.16000,
,,,0.000049987120,  -4.16000,
,,,0.000049987160,  -4.16000,
,,,0.000049987200,  -4.16000,
,,,0.000049987240,  -4.16000,
,,,0.000049987280,  -4.16000,
,,,0.000049987320,  -4.16000,
,,,0.000049987360,  -4.16000,
,,,0.000049987400,  -4.16000,
,,,0.000049987440,  -4.16000,
,,,0.000049987480,  -4.16000,
,,,0.000049987520,  -4.16000,
,,,0.000049987560,  -4.16000,
,,,0.000049987600,  -4.24000,
,,,0.000049987640,  -4.24000,
,,,0.000049987680,  -4.24000,
,,,0.000049987720,  -4.24000,
,,,0.000049987760,  -4.24000,
,,,0.000049987800,  -4.24000,
,,,0.000049987840,  -4.24000,
,,,0.000049987880,  -4.24000,
,,,0.000049987920,  -4.24000,
,,,0.000049987960,  -4.24000,
,,,0.000049988000,  -4.24000,
,,,0.000049988040,  -4.24000,
,,,0.000049988080,  -4.24000,
,,,0.000049988120,  -4.24000,
,,,0.000049988160,  -4.24000,
,,,0.000049988200,  -4.24000,
,,,0.000049988240,  -4.24000,
,,,0.000049988280,  -4.24000,
,,,0.000049988320,  -4.24000,
,,,0.000049988360,  -4.24000,
,,,0.000049988400,  -4.24000,
,,,0.000049988440,  -4.24000,
,,,0.000049988480,  -4.24000,
,,,0.000049988520,  -4.32000,
,,,0.000049988560,  -4.32000,
,,,0.000049988600,  -4.32000,
,,,0.000049988640,  -4.32000,
,,,0.000049988680,  -4.32000,
,,,0.000049988720,  -4.32000,
,,,0.000049988760,  -4.32000,
,,,0.000049988800,  -4.32000,
,,,0.000049988840,  -4.32000,
,,,0.000049988880,  -4.32000,
,,,0.000049988920,  -4.32000,
,,,0.000049988960,  -4.32000,
,,,0.000049989000,  -4.32000,
,,,0.000049989040,  -4.32000,
,,,0.000049989080,  -4.32000,
,,,0.000049989120,  -4.32000,
,,,0.000049989160,  -4.32000,
,,,0.000049989200,  -4.32000,
,,,0.000049989240,  -4.32000,
,,,0.000049989280,  -4.32000,
,,,0.000049989320,  -4.32000,
,,,0.000049989360,  -4.32000,
,,,0.000049989400,  -4.32000,
,,,0.000049989440,  -4.32000,
,,,0.000049989480,  -4.32000,
,,,0.000049989520,  -4.32000,
,,,0.000049989560,  -4.32000,
,,,0.000049989600,  -4.32000,
,,,0.000049989640,  -4.32000,
,,,0.000049989680,  -4.40000,
,,,0.000049989720,  -4.40000,
,,,0.000049989760,  -4.40000,
,,,0.000049989800,  -4.40000,
,,,0.000049989840,  -4.40000,
,,,0.000049989880,  -4.40000,
,,,0.000049989920,  -4.40000,
,,,0.000049989960,  -4.40000,
,,,0.000049990000,  -4.40000,
,,,0.000049990040,  -4.40000,
,,,0.000049990080,  -4.40000,
,,,0.000049990120,  -4.40000,
,,,0.000049990160,  -4.40000,
,,,0.000049990200,  -4.40000,
,,,0.000049990240,  -4.40000,
,,,0.000049990280,  -4.40000,
,,,0.000049990320,  -4.40000,
,,,0.000049990360,  -4.40000,
,,,0.000049990400,  -4.40000,
,,,0.000049990440,  -4.40000,
,,,0.000049990480,  -4.40000,
,,,0.000049990520,  -4.48000,
,,,0.000049990560,  -4.48000,
,,,0.000049990600,  -4.48000,
,,,0.000049990640,  -4.48000,
,,,0.000049990680,  -4.48000,
,,,0.000049990720,  -4.48000,
,,,0.000049990760,  -4.48000,
,,,0.000049990800,  -4.48000,
,,,0.000049990840,  -4.48000,
,,,0.000049990880,  -4.48000,
,,,0.000049990920,  -4.48000,
,,,0.000049990960,  -4.48000,
,,,0.000049991000,  -4.48000,
,,,0.000049991040,  -4.48000,
,,,0.000049991080,  -4.48000,
,,,0.000049991120,  -4.48000,
,,,0.000049991160,  -4.48000,
,,,0.000049991200,  -4.48000,
,,,0.000049991240,  -4.48000,
,,,0.000049991280,  -4.48000,
,,,0.000049991320,  -4.48000,
,,,0.000049991360,  -4.48000,
,,,0.000049991400,  -4.48000,
,,,0.000049991440,  -4.48000,
,,,0.000049991480,  -4.48000,
,,,0.000049991520,  -4.48000,
,,,0.000049991560,  -4.48000,
,,,0.000049991600,  -4.56000,
,,,0.000049991640,  -4.56000,
,,,0.000049991680,  -4.56000,
,,,0.000049991720,  -4.56000,
,,,0.000049991760,  -4.56000,
,,,0.000049991800,  -4.56000,
,,,0.000049991840,  -4.56000,
,,,0.000049991880,  -4.56000,
,,,0.000049991920,  -4.56000,
,,,0.000049991960,  -4.56000,
,,,0.000049992000,  -4.56000,
,,,0.000049992040,  -4.56000,
,,,0.000049992080,  -4.56000,
,,,0.000049992120,  -4.56000,
,,,0.000049992160,  -4.56000,
,,,0.000049992200,  -4.56000,
,,,0.000049992240,  -4.56000,
,,,0.000049992280,  -4.56000,
,,,0.000049992320,  -4.56000,
,,,0.000049992360,  -4.56000,
,,,0.000049992400,  -4.56000,
,,,0.000049992440,  -4.56000,
,,,0.000049992480,  -4.56000,
,,,0.000049992520,  -4.56000,
,,,0.000049992560,  -4.56000,
,,,0.000049992600,  -4.56000,
,,,0.000049992640,  -4.56000,
,,,0.000049992680,  -4.56000,
,,,0.000049992720,  -4.56000,
,,,0.000049992760,  -4.56000,
,,,0.000049992800,  -4.56000,
,,,0.000049992840,  -4.56000,
,,,0.000049992880,  -4.56000,
,,,0.000049992920,  -4.56000,
,,,0.000049992960,  -4.56000,
,,,0.000049993000,  -4.56000,
,,,0.000049993040,  -4.56000,
,,,0.000049993080,  -4.56000,
,,,0.000049993120,  -4.56000,
,,,0.000049993160,  -4.56000,
,,,0.000049993200,  -4.56000,
,,,0.000049993240,  -4.56000,
,,,0.000049993280,  -4.56000,
,,,0.000049993320,  -4.56000,
,,,0.000049993360,  -4.56000,
,,,0.000049993400,  -4.56000,
,,,0.000049993440,  -4.56000,
,,,0.000049993480,  -4.56000,
,,,0.000049993520,  -4.56000,
,,,0.000049993560,  -4.56000,
,,,0.000049993600,  -4.56000,
,,,0.000049993640,  -4.56000,
,,,0.000049993680,  -4.56000,
,,,0.000049993720,  -4.56000,
,,,0.000049993760,  -4.56000,
,,,0.000049993800,  -4.56000,
,,,0.000049993840,  -4.56000,
,,,0.000049993880,  -4.56000,
,,,0.000049993920,  -4.56000,
,,,0.000049993960,  -4.56000,
,,,0.000049994000,  -4.56000,
,,,0.000049994040,  -4.56000,
,,,0.000049994080,  -4.56000,
,,,0.000049994120,  -4.56000,
,,,0.000049994160,  -4.56000,
,,,0.000049994200,  -4.56000,
,,,0.000049994240,  -4.56000,
,,,0.000049994280,  -4.56000,
,,,0.000049994320,  -4.56000,
,,,0.000049994360,  -4.56000,
,,,0.000049994400,  -4.56000,
,,,0.000049994440,  -4.56000,
,,,0.000049994480,  -4.56000,
,,,0.000049994520,  -4.56000,
,,,0.000049994560,  -4.56000,
,,,0.000049994600,  -4.56000,
,,,0.000049994640,  -4.56000,
,,,0.000049994680,  -4.56000,
,,,0.000049994720,  -4.56000,
,,,0.000049994760,  -4.56000,
,,,0.000049994800,  -4.56000,
,,,0.000049994840,  -4.56000,
,,,0.000049994880,  -4.56000,
,,,0.000049994920,  -4.56000,
,,,0.000049994960,  -4.56000,
,,,0.000049995000,  -4.56000,
,,,0.000049995040,  -4.56000,
,,,0.000049995080,  -4.56000,
,,,0.000049995120,  -4.56000,
,,,0.000049995160,  -4.56000,
,,,0.000049995200,  -4.56000,
,,,0.000049995240,  -4.56000,
,,,0.000049995280,  -4.56000,
,,,0.000049995320,  -4.56000,
,,,0.000049995360,  -4.56000,
,,,0.000049995400,  -4.56000,
,,,0.000049995440,  -4.56000,
,,,0.000049995480,  -4.56000,
,,,0.000049995520,  -4.56000,
,,,0.000049995560,  -4.56000,
,,,0.000049995600,  -4.56000,
,,,0.000049995640,  -4.56000,
,,,0.000049995680,  -4.56000,
,,,0.000049995720,  -4.56000,
,,,0.000049995760,  -4.56000,
,,,0.000049995800,  -4.56000,
,,,0.000049995840,  -4.56000,
,,,0.000049995880,  -4.56000,
,,,0.000049995920,  -4.56000,
,,,0.000049995960,  -4.56000,
,,,0.000049996000,  -4.56000,
,,,0.000049996040,  -4.56000,
,,,0.000049996080,  -4.56000,
,,,0.000049996120,  -4.56000,
,,,0.000049996160,  -4.56000,
,,,0.000049996200,  -4.56000,
,,,0.000049996240,  -4.56000,
,,,0.000049996280,  -4.56000,
,,,0.000049996320,  -4.56000,
,,,0.000049996360,  -4.56000,
,,,0.000049996400,  -4.56000,
,,,0.000049996440,  -4.56000,
,,,0.000049996480,  -4.56000,
,,,0.000049996520,  -4.56000,
,,,0.000049996560,  -4.56000,
,,,0.000049996600,  -4.56000,
,,,0.000049996640,  -4.56000,
,,,0.000049996680,  -4.56000,
,,,0.000049996720,  -4.56000,
,,,0.000049996760,  -4.56000,
,,,0.000049996800,  -4.56000,
,,,0.000049996840,  -4.56000,
,,,0.000049996880,  -4.56000,
,,,0.000049996920,  -4.56000,
,,,0.000049996960,  -4.56000,
,,,0.000049997000,  -4.56000,
,,,0.000049997040,  -4.56000,
,,,0.000049997080,  -4.56000,
,,,0.000049997120,  -4.56000,
,,,0.000049997160,  -4.56000,
,,,0.000049997200,  -4.56000,
,,,0.000049997240,  -4.56000,
,,,0.000049997280,  -4.56000,
,,,0.000049997320,  -4.56000,
,,,0.000049997360,  -4.56000,
,,,0.000049997400,  -4.56000,
,,,0.000049997440,  -4.56000,
,,,0.000049997480,  -4.56000,
,,,0.000049997520,  -4.56000,
,,,0.000049997560,  -4.56000,
,,,0.000049997600,  -4.56000,
,,,0.000049997640,  -4.56000,
,,,0.000049997680,  -4.56000,
,,,0.000049997720,  -4.56000,
,,,0.000049997760,  -4.56000,
,,,0.000049997800,  -4.56000,
,,,0.000049997840,  -4.56000,
,,,0.000049997880,  -4.56000,
,,,0.000049997920,  -4.56000,
,,,0.000049997960,  -4.56000,
,,,0.000049998000,  -4.56000,
,,,0.000049998040,  -4.56000,
,,,0.000049998080,  -4.56000,
,,,0.000049998120,  -4.56000,
,,,0.000049998160,  -4.56000,
,,,0.000049998200,  -4.56000,
,,,0.000049998240,  -4.56000,
,,,0.000049998280,  -4.56000,
,,,0.000049998320,  -4.56000,
,,,0.000049998360,  -4.56000,
,,,0.000049998400,  -4.56000,
,,,0.000049998440,  -4.56000,
,,,0.000049998480,  -4.56000,
,,,0.000049998520,  -4.56000,
,,,0.000049998560,  -4.56000,
,,,0.000049998600,  -4.56000,
,,,0.000049998640,  -4.56000,
,,,0.000049998680,  -4.56000,
,,,0.000049998720,  -4.56000,
,,,0.000049998760,  -4.56000,
,,,0.000049998800,  -4.56000,
,,,0.000049998840,  -4.56000,
,,,0.000049998880,  -4.56000,
,,,0.000049998920,  -4.56000,
,,,0.000049998960,  -4.56000,
,,,0.000049999000,  -4.56000,
,,,0.000049999040,  -4.56000,
,,,0.000049999080,  -4.56000,
,,,0.000049999120,  -4.56000,
,,,0.000049999160,  -4.56000,
,,,0.000049999200,  -4.56000,
,,,0.000049999240,  -4.56000,
,,,0.000049999280,  -4.56000,
,,,0.000049999320,  -4.56000,
,,,0.000049999360,  -4.56000,
,,,0.000049999400,  -4.56000,
,,,0.000049999440,  -4.56000,
,,,0.000049999480,  -4.56000,
,,,0.000049999520,  -4.56000,
,,,0.000049999560,  -4.56000,
,,,0.000049999600,  -4.56000,
,,,0.000049999640,  -4.56000,
,,,0.000049999680,  -4.56000,
,,,0.000049999720,  -4.56000,
,,,0.000049999760,  -4.56000,
,,,0.000049999800,  -4.56000,
,,,0.000049999840,  -4.56000,
,,,0.000049999880,  -4.56000,
,,,0.000049999920,  -4.56000,
,,,0.000049999960,  -4.56000,
,,,0.000050000000,  -4.56000,
,,,0.000050000040,  -4.56000,
,,,0.000050000080,  -4.56000,
,,,0.000050000120,  -4.56000,
,,,0.000050000160,  -4.56000,
,,,0.000050000200,  -4.56000,
,,,0.000050000240,  -4.56000,
,,,0.000050000280,  -4.56000,
,,,0.000050000320,  -4.56000,
,,,0.000050000360,  -4.56000,
,,,0.000050000400,  -4.56000,
,,,0.000050000440,  -4.56000,
,,,0.000050000480,  -4.56000,
,,,0.000050000520,  -4.56000,
,,,0.000050000560,  -4.56000,
,,,0.000050000600,  -4.56000,
,,,0.000050000640,  -4.56000,
,,,0.000050000680,  -4.56000,
,,,0.000050000720,  -4.56000,
,,,0.000050000760,  -4.56000,
,,,0.000050000800,  -4.56000,
,,,0.000050000840,  -4.56000,
,,,0.000050000880,  -4.56000,
,,,0.000050000920,  -4.56000,
,,,0.000050000960,  -4.56000,
,,,0.000050001000,  -4.56000,
,,,0.000050001040,  -4.56000,
,,,0.000050001080,  -4.56000,
,,,0.000050001120,  -4.56000,
,,,0.000050001160,  -4.56000,
,,,0.000050001200,  -4.56000,
,,,0.000050001240,  -4.56000,
,,,0.000050001280,  -4.56000,
,,,0.000050001320,  -4.56000,
,,,0.000050001360,  -4.56000,
,,,0.000050001400,  -4.56000,
,,,0.000050001440,  -4.56000,
,,,0.000050001480,  -4.56000,
,,,0.000050001520,  -4.56000,
,,,0.000050001560,  -4.56000,
,,,0.000050001600,  -4.56000,
,,,0.000050001640,  -4.56000,
,,,0.000050001680,  -4.56000,
,,,0.000050001720,  -4.56000,
,,,0.000050001760,  -4.56000,
,,,0.000050001800,  -4.56000,
,,,0.000050001840,  -4.56000,
,,,0.000050001880,  -4.56000,
,,,0.000050001920,  -4.56000,
,,,0.000050001960,  -4.56000,
,,,0.000050002000,  -4.56000,
,,,0.000050002040,  -4.56000,
,,,0.000050002080,  -4.56000,
,,,0.000050002120,  -4.56000,
,,,0.000050002160,  -4.56000,
,,,0.000050002200,  -4.56000,
,,,0.000050002240,  -4.56000,
,,,0.000050002280,  -4.56000,
,,,0.000050002320,  -4.56000,
,,,0.000050002360,  -4.56000,
,,,0.000050002400,  -4.56000,
,,,0.000050002440,  -4.56000,
,,,0.000050002480,  -4.56000,
,,,0.000050002520,  -4.56000,
,,,0.000050002560,  -4.56000,
,,,0.000050002600,  -4.56000,
,,,0.000050002640,  -4.56000,
,,,0.000050002680,  -4.56000,
,,,0.000050002720,  -4.56000,
,,,0.000050002760,  -4.56000,
,,,0.000050002800,  -4.56000,
,,,0.000050002840,  -4.56000,
,,,0.000050002880,  -4.56000,
,,,0.000050002920,  -4.56000,
,,,0.000050002960,  -4.56000,
,,,0.000050003000,  -4.56000,
,,,0.000050003040,  -4.56000,
,,,0.000050003080,  -4.56000,
,,,0.000050003120,  -4.56000,
,,,0.000050003160,  -4.56000,
,,,0.000050003200,  -4.56000,
,,,0.000050003240,  -4.56000,
,,,0.000050003280,  -4.56000,
,,,0.000050003320,  -4.56000,
,,,0.000050003360,  -4.56000,
,,,0.000050003400,  -4.56000,
,,,0.000050003440,  -4.56000,
,,,0.000050003480,  -4.56000,
,,,0.000050003520,  -4.56000,
,,,0.000050003560,  -4.56000,
,,,0.000050003600,  -4.56000,
,,,0.000050003640,  -4.56000,
,,,0.000050003680,  -4.56000,
,,,0.000050003720,  -4.56000,
,,,0.000050003760,  -4.56000,
,,,0.000050003800,  -4.56000,
,,,0.000050003840,  -4.64000,
,,,0.000050003880,  -4.64000,
,,,0.000050003920,  -4.64000,
,,,0.000050003960,  -4.64000,
,,,0.000050004000,  -4.64000,
,,,0.000050004040,  -4.64000,
,,,0.000050004080,  -4.64000,
,,,0.000050004120,  -4.64000,
,,,0.000050004160,  -4.64000,
,,,0.000050004200,  -4.64000,
,,,0.000050004240,  -4.64000,
,,,0.000050004280,  -4.64000,
,,,0.000050004320,  -4.64000,
,,,0.000050004360,  -4.64000,
,,,0.000050004400,  -4.64000,
,,,0.000050004440,  -4.64000,
,,,0.000050004480,  -4.64000,
,,,0.000050004520,  -4.64000,
,,,0.000050004560,  -4.64000,
,,,0.000050004600,  -4.64000,
,,,0.000050004640,  -4.64000,
,,,0.000050004680,  -4.64000,
,,,0.000050004720,  -4.64000,
,,,0.000050004760,  -4.64000,
,,,0.000050004800,  -4.64000,
,,,0.000050004840,  -4.64000,
,,,0.000050004880,  -4.64000,
,,,0.000050004920,  -4.64000,
,,,0.000050004960,  -4.64000,
,,,0.000050005000,  -4.64000,
,,,0.000050005040,  -4.64000,
,,,0.000050005080,  -4.64000,
,,,0.000050005120,  -4.64000,
,,,0.000050005160,  -4.64000,
,,,0.000050005200,  -4.64000,
,,,0.000050005240,  -4.64000,
,,,0.000050005280,  -4.64000,
,,,0.000050005320,  -4.64000,
,,,0.000050005360,  -4.64000,
,,,0.000050005400,  -4.64000,
,,,0.000050005440,  -4.64000,
,,,0.000050005480,  -4.64000,
,,,0.000050005520,  -4.64000,
,,,0.000050005560,  -4.64000,
,,,0.000050005600,  -4.64000,
,,,0.000050005640,  -4.64000,
,,,0.000050005680,  -4.64000,
,,,0.000050005720,  -4.64000,
,,,0.000050005760,  -4.64000,
,,,0.000050005800,  -4.64000,
,,,0.000050005840,  -4.72000,
,,,0.000050005880,  -4.64000,
,,,0.000050005920,  -4.64000,
,,,0.000050005960,  -4.64000,
,,,0.000050006000,  -4.72000,
,,,0.000050006040,  -4.72000,
,,,0.000050006080,  -4.72000,
,,,0.000050006120,  -4.72000,
,,,0.000050006160,  -4.72000,
,,,0.000050006200,  -4.72000,
,,,0.000050006240,  -4.72000,
,,,0.000050006280,  -4.72000,
,,,0.000050006320,  -4.72000,
,,,0.000050006360,  -4.72000,
,,,0.000050006400,  -4.72000,
,,,0.000050006440,  -4.72000,
,,,0.000050006480,  -4.72000,
,,,0.000050006520,  -4.72000,
,,,0.000050006560,  -4.72000,
,,,0.000050006600,  -4.72000,
,,,0.000050006640,  -4.72000,
,,,0.000050006680,  -4.72000,
,,,0.000050006720,  -4.72000,
,,,0.000050006760,  -4.72000,
,,,0.000050006800,  -4.72000,
,,,0.000050006840,  -4.72000,
,,,0.000050006880,  -4.72000,
,,,0.000050006920,  -4.72000,
,,,0.000050006960,  -4.72000,
,,,0.000050007000,  -4.72000,
,,,0.000050007040,  -4.72000,
,,,0.000050007080,  -4.72000,
,,,0.000050007120,  -4.72000,
,,,0.000050007160,  -4.72000,
,,,0.000050007200,  -4.72000,
,,,0.000050007240,  -4.72000,
,,,0.000050007280,  -4.72000,
,,,0.000050007320,  -4.72000,
,,,0.000050007360,  -4.72000,
,,,0.000050007400,  -4.72000,
,,,0.000050007440,  -4.72000,
,,,0.000050007480,  -4.72000,
,,,0.000050007520,  -4.72000,
,,,0.000050007560,  -4.72000,
,,,0.000050007600,  -4.72000,
,,,0.000050007640,  -4.72000,
,,,0.000050007680,  -4.72000,
,,,0.000050007720,  -4.72000,
,,,0.000050007760,  -4.80000,
,,,0.000050007800,  -4.80000,
,,,0.000050007840,  -4.80000,
,,,0.000050007880,  -4.80000,
,,,0.000050007920,  -4.80000,
,,,0.000050007960,  -4.80000,
,,,0.000050008000,  -4.80000,
,,,0.000050008040,  -4.80000,
,,,0.000050008080,  -4.80000,
,,,0.000050008120,  -4.80000,
,,,0.000050008160,  -4.80000,
,,,0.000050008200,  -4.80000,
,,,0.000050008240,  -4.80000,
,,,0.000050008280,  -4.80000,
,,,0.000050008320,  -4.80000,
,,,0.000050008360,  -4.80000,
,,,0.000050008400,  -4.80000,
,,,0.000050008440,  -4.80000,
,,,0.000050008480,  -4.80000,
,,,0.000050008520,  -4.80000,
,,,0.000050008560,  -4.80000,
,,,0.000050008600,  -4.80000,
,,,0.000050008640,  -4.80000,
,,,0.000050008680,  -4.80000,
,,,0.000050008720,  -4.80000,
,,,0.000050008760,  -4.80000,
,,,0.000050008800,  -4.80000,
,,,0.000050008840,  -4.80000,
,,,0.000050008880,  -4.80000,
,,,0.000050008920,  -4.80000,
,,,0.000050008960,  -4.80000,
,,,0.000050009000,  -4.80000,
,,,0.000050009040,  -4.80000,
,,,0.000050009080,  -4.88000,
,,,0.000050009120,  -4.88000,
,,,0.000050009160,  -4.88000,
,,,0.000050009200,  -4.88000,
,,,0.000050009240,  -4.88000,
,,,0.000050009280,  -4.88000,
,,,0.000050009320,  -4.88000,
,,,0.000050009360,  -4.88000,
,,,0.000050009400,  -4.88000,
,,,0.000050009440,  -4.88000,
,,,0.000050009480,  -4.88000,
,,,0.000050009520,  -4.88000,
,,,0.000050009560,  -4.88000,
,,,0.000050009600,  -4.88000,
,,,0.000050009640,  -4.88000,
,,,0.000050009680,  -4.88000,
,,,0.000050009720,  -4.88000,
,,,0.000050009760,  -4.88000,
,,,0.000050009800,  -4.88000,
,,,0.000050009840,  -4.88000,
,,,0.000050009880,  -4.88000,
,,,0.000050009920,  -4.88000,
,,,0.000050009960,  -4.88000,
,,,0.000050010000,  -4.88000,
,,,0.000050010040,  -4.88000,
,,,0.000050010080,  -4.88000,
,,,0.000050010120,  -4.88000,
,,,0.000050010160,  -4.88000,
,,,0.000050010200,  -4.88000,
,,,0.000050010240,  -4.88000,
,,,0.000050010280,  -4.88000,
,,,0.000050010320,  -4.88000,
,,,0.000050010360,  -4.88000,
,,,0.000050010400,  -4.88000,
,,,0.000050010440,  -4.88000,
,,,0.000050010480,  -4.88000,
,,,0.000050010520,  -4.88000,
,,,0.000050010560,  -4.88000,
,,,0.000050010600,  -4.88000,
,,,0.000050010640,  -4.88000,
,,,0.000050010680,  -4.88000,
,,,0.000050010720,  -4.88000,
,,,0.000050010760,  -4.88000,
,,,0.000050010800,  -4.88000,
,,,0.000050010840,  -4.88000,
,,,0.000050010880,  -4.88000,
,,,0.000050010920,  -4.88000,
,,,0.000050010960,  -4.88000,
,,,0.000050011000,  -4.88000,
,,,0.000050011040,  -4.88000,
,,,0.000050011080,  -4.88000,
,,,0.000050011120,  -4.96000,
,,,0.000050011160,  -4.96000,
,,,0.000050011200,  -4.96000,
,,,0.000050011240,  -4.96000,
,,,0.000050011280,  -4.96000,
,,,0.000050011320,  -4.96000,
,,,0.000050011360,  -4.96000,
,,,0.000050011400,  -4.96000,
,,,0.000050011440,  -4.96000,
,,,0.000050011480,  -4.96000,
,,,0.000050011520,  -4.96000,
,,,0.000050011560,  -4.96000,
,,,0.000050011600,  -4.96000,
,,,0.000050011640,  -4.96000,
,,,0.000050011680,  -4.96000,
,,,0.000050011720,  -4.96000,
,,,0.000050011760,  -4.96000,
,,,0.000050011800,  -4.96000,
,,,0.000050011840,  -4.96000,
,,,0.000050011880,  -4.96000,
,,,0.000050011920,  -4.96000,
,,,0.000050011960,  -4.96000,
,,,0.000050012000,  -4.96000,
,,,0.000050012040,  -4.96000,
,,,0.000050012080,  -4.96000,
,,,0.000050012120,  -4.96000,
,,,0.000050012160,  -4.96000,
,,,0.000050012200,  -4.96000,
,,,0.000050012240,  -4.96000,
,,,0.000050012280,  -4.96000,
,,,0.000050012320,  -4.96000,
,,,0.000050012360,  -4.96000,
,,,0.000050012400,  -4.96000,
,,,0.000050012440,  -4.96000,
,,,0.000050012480,  -4.96000,
,,,0.000050012520,  -4.96000,
,,,0.000050012560,  -4.96000,
,,,0.000050012600,  -4.96000,
,,,0.000050012640,  -4.96000,
,,,0.000050012680,  -4.96000,
,,,0.000050012720,  -4.96000,
,,,0.000050012760,  -4.96000,
,,,0.000050012800,  -4.96000,
,,,0.000050012840,  -4.96000,
,,,0.000050012880,  -4.96000,
,,,0.000050012920,  -5.04000,
,,,0.000050012960,  -5.04000,
,,,0.000050013000,  -5.04000,
,,,0.000050013040,  -5.04000,
,,,0.000050013080,  -5.04000,
,,,0.000050013120,  -5.04000,
,,,0.000050013160,  -5.04000,
,,,0.000050013200,  -5.04000,
,,,0.000050013240,  -5.04000,
,,,0.000050013280,  -5.04000,
,,,0.000050013320,  -5.04000,
,,,0.000050013360,  -5.04000,
,,,0.000050013400,  -5.04000,
,,,0.000050013440,  -5.04000,
,,,0.000050013480,  -5.04000,
,,,0.000050013520,  -5.04000,
,,,0.000050013560,  -5.04000,
,,,0.000050013600,  -5.04000,
,,,0.000050013640,  -5.04000,
,,,0.000050013680,  -5.04000,
,,,0.000050013720,  -5.04000,
,,,0.000050013760,  -5.04000,
,,,0.000050013800,  -5.04000,
,,,0.000050013840,  -5.04000,
,,,0.000050013880,  -5.04000,
,,,0.000050013920,  -5.04000,
,,,0.000050013960,  -5.04000,
,,,0.000050014000,  -5.04000,
,,,0.000050014040,  -5.04000,
,,,0.000050014080,  -5.04000,
,,,0.000050014120,  -5.04000,
,,,0.000050014160,  -5.04000,
,,,0.000050014200,  -5.04000,
,,,0.000050014240,  -5.04000,
,,,0.000050014280,  -5.04000,
,,,0.000050014320,  -5.04000,
,,,0.000050014360,  -5.04000,
,,,0.000050014400,  -5.04000,
,,,0.000050014440,  -5.04000,
,,,0.000050014480,  -5.04000,
,,,0.000050014520,  -5.04000,
,,,0.000050014560,  -5.04000,
,,,0.000050014600,  -5.04000,
,,,0.000050014640,  -5.04000,
,,,0.000050014680,  -5.04000,
,,,0.000050014720,  -5.04000,
,,,0.000050014760,  -5.04000,
,,,0.000050014800,  -5.04000,
,,,0.000050014840,  -5.04000,
,,,0.000050014880,  -5.04000,
,,,0.000050014920,  -5.04000,
,,,0.000050014960,  -5.04000,
,,,0.000050015000,  -5.04000,
,,,0.000050015040,  -5.04000,
,,,0.000050015080,  -5.04000,
,,,0.000050015120,  -5.04000,
,,,0.000050015160,  -5.04000,
,,,0.000050015200,  -5.04000,
,,,0.000050015240,  -5.04000,
,,,0.000050015280,  -5.04000,
,,,0.000050015320,  -5.04000,
,,,0.000050015360,  -5.04000,
,,,0.000050015400,  -5.04000,
,,,0.000050015440,  -5.04000,
,,,0.000050015480,  -5.04000,
,,,0.000050015520,  -5.04000,
,,,0.000050015560,  -5.04000,
,,,0.000050015600,  -5.04000,
,,,0.000050015640,  -5.04000,
,,,0.000050015680,  -5.04000,
,,,0.000050015720,  -5.04000,
,,,0.000050015760,  -5.04000,
,,,0.000050015800,  -5.04000,
,,,0.000050015840,  -5.04000,
,,,0.000050015880,  -5.04000,
,,,0.000050015920,  -5.04000,
,,,0.000050015960,  -5.04000,
,,,0.000050016000,  -5.04000,
,,,0.000050016040,  -5.04000,
,,,0.000050016080,  -5.04000,
,,,0.000050016120,  -5.04000,
,,,0.000050016160,  -5.04000,
,,,0.000050016200,  -5.04000,
,,,0.000050016240,  -5.04000,
,,,0.000050016280,  -5.04000,
,,,0.000050016320,  -5.04000,
,,,0.000050016360,  -5.04000,
,,,0.000050016400,  -5.04000,
,,,0.000050016440,  -5.04000,
,,,0.000050016480,  -5.04000,
,,,0.000050016520,  -5.04000,
,,,0.000050016560,  -5.04000,
,,,0.000050016600,  -5.04000,
,,,0.000050016640,  -5.04000,
,,,0.000050016680,  -5.04000,
,,,0.000050016720,  -5.04000,
,,,0.000050016760,  -5.04000,
,,,0.000050016800,  -5.04000,
,,,0.000050016840,  -5.04000,
,,,0.000050016880,  -5.04000,
,,,0.000050016920,  -5.04000,
,,,0.000050016960,  -5.04000,
,,,0.000050017000,  -5.04000,
,,,0.000050017040,  -5.04000,
,,,0.000050017080,  -5.04000,
,,,0.000050017120,  -5.04000,
,,,0.000050017160,  -5.04000,
,,,0.000050017200,  -5.04000,
,,,0.000050017240,  -5.04000,
,,,0.000050017280,  -5.04000,
,,,0.000050017320,  -5.04000,
,,,0.000050017360,  -5.04000,
,,,0.000050017400,  -5.04000,
,,,0.000050017440,  -5.04000,
,,,0.000050017480,  -5.04000,
,,,0.000050017520,  -5.04000,
,,,0.000050017560,  -5.04000,
,,,0.000050017600,  -5.04000,
,,,0.000050017640,  -5.04000,
,,,0.000050017680,  -5.04000,
,,,0.000050017720,  -5.04000,
,,,0.000050017760,  -5.04000,
,,,0.000050017800,  -5.04000,
,,,0.000050017840,  -5.04000,
,,,0.000050017880,  -5.04000,
,,,0.000050017920,  -5.04000,
,,,0.000050017960,  -5.04000,
,,,0.000050018000,  -5.04000,
,,,0.000050018040,  -5.04000,
,,,0.000050018080,  -5.04000,
,,,0.000050018120,  -5.04000,
,,,0.000050018160,  -5.04000,
,,,0.000050018200,  -5.04000,
,,,0.000050018240,  -5.04000,
,,,0.000050018280,  -5.04000,
,,,0.000050018320,  -5.04000,
,,,0.000050018360,  -5.04000,
,,,0.000050018400,  -5.04000,
,,,0.000050018440,  -5.04000,
,,,0.000050018480,  -5.04000,
,,,0.000050018520,  -5.04000,
,,,0.000050018560,  -5.04000,
,,,0.000050018600,  -5.04000,
,,,0.000050018640,  -5.04000,
,,,0.000050018680,  -5.04000,
,,,0.000050018720,  -5.04000,
,,,0.000050018760,  -5.04000,
,,,0.000050018800,  -5.04000,
,,,0.000050018840,  -5.04000,
,,,0.000050018880,  -5.04000,
,,,0.000050018920,  -5.04000,
,,,0.000050018960,  -5.04000,
,,,0.000050019000,  -5.04000,
,,,0.000050019040,  -5.04000,
,,,0.000050019080,  -5.04000,
,,,0.000050019120,  -5.04000,
,,,0.000050019160,  -5.04000,
,,,0.000050019200,  -5.04000,
,,,0.000050019240,  -5.04000,
,,,0.000050019280,  -5.04000,
,,,0.000050019320,  -5.04000,
,,,0.000050019360,  -5.04000,
,,,0.000050019400,  -5.04000,
,,,0.000050019440,  -5.04000,
,,,0.000050019480,  -5.04000,
,,,0.000050019520,  -5.04000,
,,,0.000050019560,  -5.04000,
,,,0.000050019600,  -5.04000,
,,,0.000050019640,  -5.04000,
,,,0.000050019680,  -5.04000,
,,,0.000050019720,  -4.96000,
,,,0.000050019760,  -4.96000,
,,,0.000050019800,  -4.96000,
,,,0.000050019840,  -4.96000,
,,,0.000050019880,  -4.96000,
,,,0.000050019920,  -4.96000,
,,,0.000050019960,  -4.96000,
,,,0.000050020000,  -4.96000,
,,,0.000050020040,  -4.96000,
,,,0.000050020080,  -4.96000,
,,,0.000050020120,  -4.96000,
,,,0.000050020160,  -4.96000,
,,,0.000050020200,  -4.96000,
,,,0.000050020240,  -4.96000,
,,,0.000050020280,  -4.96000,
,,,0.000050020320,  -4.96000,
,,,0.000050020360,  -4.96000,
,,,0.000050020400,  -4.96000,
,,,0.000050020440,  -4.96000,
,,,0.000050020480,  -4.96000,
,,,0.000050020520,  -4.96000,
,,,0.000050020560,  -4.96000,
,,,0.000050020600,  -4.96000,
,,,0.000050020640,  -4.96000,
,,,0.000050020680,  -4.96000,
,,,0.000050020720,  -4.96000,
,,,0.000050020760,  -4.96000,
,,,0.000050020800,  -4.96000,
,,,0.000050020840,  -4.96000,
,,,0.000050020880,  -4.96000,
,,,0.000050020920,  -4.96000,
,,,0.000050020960,  -4.96000,
,,,0.000050021000,  -4.96000,
,,,0.000050021040,  -4.96000,
,,,0.000050021080,  -4.96000,
,,,0.000050021120,  -4.96000,
,,,0.000050021160,  -4.96000,
,,,0.000050021200,  -4.96000,
,,,0.000050021240,  -4.96000,
,,,0.000050021280,  -4.96000,
,,,0.000050021320,  -4.96000,
,,,0.000050021360,  -4.96000,
,,,0.000050021400,  -4.96000,
,,,0.000050021440,  -4.96000,
,,,0.000050021480,  -4.96000,
,,,0.000050021520,  -4.96000,
,,,0.000050021560,  -4.96000,
,,,0.000050021600,  -4.96000,
,,,0.000050021640,  -4.96000,
,,,0.000050021680,  -4.96000,
,,,0.000050021720,  -4.96000,
,,,0.000050021760,  -4.96000,
,,,0.000050021800,  -4.96000,
,,,0.000050021840,  -4.96000,
,,,0.000050021880,  -4.96000,
,,,0.000050021920,  -4.96000,
,,,0.000050021960,  -4.96000,
,,,0.000050022000,  -4.96000,
,,,0.000050022040,  -4.96000,
,,,0.000050022080,  -4.96000,
,,,0.000050022120,  -4.96000,
,,,0.000050022160,  -4.96000,
,,,0.000050022200,  -4.96000,
,,,0.000050022240,  -4.96000,
,,,0.000050022280,  -4.96000,
,,,0.000050022320,  -4.96000,
,,,0.000050022360,  -4.96000,
,,,0.000050022400,  -4.96000,
,,,0.000050022440,  -4.96000,
,,,0.000050022480,  -4.88000,
,,,0.000050022520,  -4.88000,
,,,0.000050022560,  -4.88000,
,,,0.000050022600,  -4.88000,
,,,0.000050022640,  -4.88000,
,,,0.000050022680,  -4.88000,
,,,0.000050022720,  -4.88000,
,,,0.000050022760,  -4.88000,
,,,0.000050022800,  -4.88000,
,,,0.000050022840,  -4.88000,
,,,0.000050022880,  -4.96000,
,,,0.000050022920,  -4.96000,
,,,0.000050022960,  -4.96000,
,,,0.000050023000,  -4.88000,
,,,0.000050023040,  -4.88000,
,,,0.000050023080,  -4.88000,
,,,0.000050023120,  -4.88000,
,,,0.000050023160,  -4.88000,
,,,0.000050023200,  -4.88000,
,,,0.000050023240,  -4.88000,
,,,0.000050023280,  -4.88000,
,,,0.000050023320,  -4.88000,
,,,0.000050023360,  -4.88000,
,,,0.000050023400,  -4.88000,
,,,0.000050023440,  -4.88000,
,,,0.000050023480,  -4.88000,
,,,0.000050023520,  -4.88000,
,,,0.000050023560,  -4.88000,
,,,0.000050023600,  -4.88000,
,,,0.000050023640,  -4.88000,
,,,0.000050023680,  -4.88000,
,,,0.000050023720,  -4.88000,
,,,0.000050023760,  -4.88000,
,,,0.000050023800,  -4.88000,
,,,0.000050023840,  -4.88000,
,,,0.000050023880,  -4.88000,
,,,0.000050023920,  -4.88000,
,,,0.000050023960,  -4.88000,
,,,0.000050024000,  -4.88000,
,,,0.000050024040,  -4.88000,
,,,0.000050024080,  -4.88000,
,,,0.000050024120,  -4.88000,
,,,0.000050024160,  -4.88000,
,,,0.000050024200,  -4.88000,
,,,0.000050024240,  -4.88000,
,,,0.000050024280,  -4.88000,
,,,0.000050024320,  -4.88000,
,,,0.000050024360,  -4.88000,
,,,0.000050024400,  -4.88000,
,,,0.000050024440,  -4.88000,
,,,0.000050024480,  -4.88000,
,,,0.000050024520,  -4.88000,
,,,0.000050024560,  -4.88000,
,,,0.000050024600,  -4.88000,
,,,0.000050024640,  -4.88000,
,,,0.000050024680,  -4.88000,
,,,0.000050024720,  -4.88000,
,,,0.000050024760,  -4.88000,
